Date,Bajaj Open,Bajaj High,Bajaj Low,Bajaj Close,Bajaj Adj Close,Bajaj Volume
3/3/2023,6121.799805,6141,6073,6100.049805,6100.049805,712037
3/2/2023,6165.200195,6209.600098,6070.049805,6083,6083,582298
3/1/2023,6100.100098,6203.950195,6100.100098,6154.850098,6154.850098,544804
2/28/2023,6220,6246.600098,6090,6112.100098,6112.100098,977852
2/27/2023,6215,6241,6135,6194.5,6194.5,595004
2/24/2023,6253.75,6286,6200,6236.25,6236.25,607761
2/23/2023,6214,6262.450195,6122.649902,6202.350098,6202.350098,809768
2/22/2023,6331,6360,6185,6198.649902,6198.649902,934700
2/21/2023,6395,6408.25,6352,6379.25,6379.25,448509
2/20/2023,6425,6443.549805,6343,6367.399902,6367.399902,465732
2/17/2023,6410,6475.799805,6367.5,6416.700195,6416.700195,616044
2/16/2023,6505,6524.75,6420,6437.299805,6437.299805,529048
2/15/2023,6450,6496,6397.299805,6489.950195,6489.950195,618979
2/14/2023,6353.799805,6472.350098,6310,6458.700195,6458.700195,1034090
2/13/2023,6434.950195,6473.149902,6297.049805,6345.5,6345.5,736557
2/10/2023,6453.950195,6527.600098,6420,6435.5,6435.5,1291282
2/9/2023,6374.899902,6487.799805,6335.25,6455,6455,1838154
2/8/2023,6165,6377,6162.799805,6351.649902,6351.649902,1903208
2/7/2023,6122.950195,6182,6100,6160.549805,6160.549805,1472193
2/6/2023,6000,6124,5955.600098,6104.200195,6104.200195,1073820
2/3/2023,5770,6030,5747.049805,6014.25,6014.25,1486892
2/2/2023,5819,5819,5645,5717.649902,5717.649902,2025044
2/1/2023,5944,5980.399902,5708.899902,5817.200195,5817.200195,2634866
1/31/2023,6050,6050,5874,5886.399902,5886.399902,1996788
1/30/2023,5770.049805,6066.200195,5770.049805,6021.799805,6021.799805,2448160
1/27/2023,5815,5861.549805,5680,5760.700195,5760.700195,1621352
1/25/2023,5850.049805,5855.049805,5777,5795.899902,5795.899902,827837
1/24/2023,5892.350098,5921,5842.649902,5855.049805,5855.049805,608145
1/23/2023,5881,5935,5841,5863,5863,856064
1/20/2023,6012.5,6019.75,5837.200195,5860.399902,5860.399902,833090
1/19/2023,5983,6029.649902,5960.649902,6012.450195,6012.450195,548142
1/18/2023,6003.950195,6049,5985,5998.649902,5998.649902,796281
1/17/2023,6019.950195,6019.950195,5940,5984.950195,5984.950195,817005
1/16/2023,6000,6072.200195,5974.549805,6010.899902,6010.899902,908339
1/13/2023,5920,5985,5872,5977.799805,5977.799805,1108490
1/12/2023,5906.549805,5964.899902,5857,5898.399902,5898.399902,1476949
1/11/2023,5930,5949,5865.549805,5895.75,5895.75,1108891
1/10/2023,5999,6015,5875,5904.149902,5904.149902,1120375
1/9/2023,6020,6078,5955,5993.350098,5993.350098,1400548
1/6/2023,6130,6139.950195,5941.600098,5980.399902,5980.399902,2931922
1/5/2023,6490,6490,6025.049805,6100.049805,6100.049805,5102300
1/4/2023,6595,6638,6550,6571,6571,671253
1/3/2023,6565,6660,6530,6606.25,6606.25,742081
1/2/2023,6565,6610,6484.75,6553.75,6553.75,579340
12/30/2022,6550,6719.899902,6515,6575.200195,6575.200195,1520266
12/29/2022,6440,6520.5,6402.399902,6510.899902,6510.899902,521880
12/28/2022,6475,6570,6464.049805,6476.100098,6476.100098,755934
12/27/2022,6466,6530,6430,6504.700195,6504.700195,781035
12/26/2022,6374.649902,6469.899902,6300,6433.700195,6433.700195,530535
12/23/2022,6450,6466,6340.049805,6374.600098,6374.600098,994303
12/22/2022,6570,6575,6407,6490.649902,6490.649902,849706
12/21/2022,6693.899902,6693.899902,6505,6526.700195,6526.700195,622390
12/20/2022,6660,6698.850098,6585,6642.850098,6642.850098,607716
12/19/2022,6600.100098,6705,6597,6687,6687,659559
12/16/2022,6590,6695.299805,6560,6596.899902,6596.899902,880233
12/15/2022,6632,6714,6604,6625.399902,6625.399902,857706
12/14/2022,6658,6688.549805,6626.600098,6655.200195,6655.200195,678283
12/13/2022,6507,6648,6507,6620.100098,6620.100098,958636
12/12/2022,6508.100098,6539,6392,6506.5,6506.5,1100048
12/9/2022,6602.5,6618,6490,6517.450195,6517.450195,1131292
12/8/2022,6680,6680,6560,6581.950195,6581.950195,1137784
12/7/2022,6724.950195,6724.950195,6601,6625.200195,6625.200195,961027
12/6/2022,6674.399902,6735,6632,6698.549805,6698.549805,840980
12/5/2022,6674.549805,6699,6632,6660.450195,6660.450195,1029250
12/2/2022,6730.200195,6741.950195,6647,6675.75,6675.75,1438602
12/1/2022,6754.600098,6770,6707,6747.75,6747.75,981616
11/30/2022,6735,6754.200195,6678,6720.950195,6720.950195,1482831
11/29/2022,6775,6808.899902,6721,6734.149902,6734.149902,681860
11/28/2022,6729,6832.799805,6728.549805,6777.450195,6777.450195,604054
11/25/2022,6770,6778,6675,6747.5,6747.5,859058
11/24/2022,6813.950195,6839.850098,6737.299805,6771.350098,6771.350098,754611
11/23/2022,6718.5,6805,6690,6780.049805,6780.049805,893667
11/22/2022,6680.25,6727.75,6660.299805,6685.049805,6685.049805,958769
11/21/2022,6747,6747,6610.350098,6679.100098,6679.100098,1071748
11/18/2022,6909.899902,6928,6750,6791.5,6791.5,1327689
11/17/2022,6870,6950,6832,6895.049805,6895.049805,733944
11/16/2022,7011,7034.850098,6852.600098,6895.049805,6895.049805,1336204
11/15/2022,7035.149902,7062.399902,6981,7025.75,7025.75,719521
11/14/2022,7054.899902,7107,7001.049805,7025.799805,7025.799805,855060
11/11/2022,7149,7157.850098,6995,7051.450195,7051.450195,1233342
11/10/2022,7158,7165,6964.549805,6975.100098,6975.100098,1008182
11/9/2022,7235,7235,7114.649902,7144,7144,689634
11/7/2022,7248.100098,7250.649902,7111,7190.049805,7190.049805,722494
11/4/2022,7121.600098,7224.899902,7121.600098,7212,7212,921925
11/3/2022,7105,7195,7092.100098,7121.600098,7121.600098,632313
11/2/2022,7207,7240,7140.049805,7156.200195,7156.200195,585914
11/1/2022,7196.950195,7236,7160,7209.5,7209.5,762742
10/31/2022,7094,7149.600098,7046,7144.100098,7144.100098,818986
10/28/2022,7000,7090,6980,7006.850098,7006.850098,839669
10/27/2022,7186,7210,6931,6971.100098,6971.100098,1641458
10/25/2022,7242.549805,7242.549805,7090,7102.899902,7102.899902,909899
10/24/2022,7310,7310,7190,7206.5,7206.5,227884
10/21/2022,7490,7490,7153.049805,7192.75,7192.75,2386960
10/20/2022,7369.950195,7449,7261,7432.399902,7432.399902,1026054
10/19/2022,7417,7440,7350,7380.399902,7380.399902,627177
10/18/2022,7400,7430,7321,7390.399902,7390.399902,906975
10/17/2022,7254.950195,7372.299805,7217,7355.200195,7355.200195,617401
10/14/2022,7300,7345,7221,7272.5,7272.5,839012
10/13/2022,7220.5,7226,7114.700195,7151.649902,7151.649902,608655
10/12/2022,7205,7258.5,7145,7226.200195,7226.200195,740731
10/11/2022,7307,7352.5,7172.600098,7202.799805,7202.799805,732206
10/10/2022,7265,7338,7221,7293.399902,7293.399902,653113
10/7/2022,7385.450195,7407.75,7272.25,7345.149902,7345.149902,991196
10/6/2022,7550,7599,7346.899902,7404.149902,7404.149902,1510060
10/4/2022,7335,7505,7306.350098,7488.700195,7488.700195,1191495
10/3/2022,7337,7398,7144.600098,7171.799805,7171.799805,820198
9/30/2022,7081,7362,7026.799805,7335.75,7335.75,1618665
9/29/2022,7312.5,7316.899902,7088.049805,7104.75,7104.75,969632
9/28/2022,7179,7297.5,7160.100098,7202.5,7202.5,869069
9/27/2022,7325,7379.950195,7210.049805,7242.850098,7242.850098,1142829
9/26/2022,7437,7460,7129,7259.5,7259.5,1875205
9/23/2022,7714.799805,7731.5,7475,7507.149902,7507.149902,1412331
9/22/2022,7670,7778,7600,7719.549805,7719.549805,1281039
9/21/2022,7640,7735,7586.049805,7690.649902,7690.649902,1239262
9/20/2022,7569.950195,7715,7565,7635.399902,7635.399902,1613450
9/19/2022,7275,7524.450195,7190.950195,7496.100098,7496.100098,1648117
9/16/2022,7385,7480.149902,7194.350098,7274.100098,7274.100098,1187036
9/15/2022,7489.950195,7532.850098,7369.700195,7386.299805,7386.299805,717420
9/14/2022,7272.149902,7560,7272.149902,7483.450195,7483.450195,1493388
9/13/2022,7330,7444,7312.399902,7403.450195,7403.450195,1382700
9/12/2022,7216.850098,7319.899902,7187.850098,7286.899902,7286.899902,834716
9/9/2022,7300,7324,7165,7180.899902,7180.899902,649607
9/8/2022,7220,7279.450195,7175,7257.649902,7257.649902,772251
9/7/2022,7078,7207.950195,7070,7166.5,7166.5,791994
9/6/2022,7228.75,7255,7105,7119.350098,7119.350098,791905
9/5/2022,7190.700195,7254,7158,7196.200195,7196.200195,707025
9/2/2022,7217.100098,7313,7173.450195,7190.350098,7190.350098,906370
9/1/2022,7228.600098,7333.850098,7142,7181.299805,7181.299805,1462579
8/30/2022,7000,7335,7000,7306.25,7306.25,1731381
8/29/2022,6881,7015.5,6861.350098,6964.350098,6964.350098,996735
8/26/2022,7120,7141.5,7025.700195,7062.100098,7062.100098,759139
8/25/2022,7212.799805,7239,7025.100098,7047.149902,7047.149902,1354296
8/24/2022,7165,7236.399902,7140,7176.899902,7176.899902,953096
8/23/2022,7085,7250,7050,7207.700195,7207.700195,1088603
8/22/2022,7261,7279.799805,7088.850098,7102.200195,7102.200195,1060862
8/19/2022,7510,7538.700195,7271,7301.700195,7301.700195,1100427
8/18/2022,7490,7588.799805,7452.399902,7488.25,7488.25,835354
8/17/2022,7300,7638,7296,7527.100098,7527.100098,2344414
8/16/2022,7339,7384,7272.100098,7286.100098,7286.100098,804464
8/12/2022,7302,7343,7272.049805,7309.399902,7309.399902,1036941
8/11/2022,7244,7325,7217.350098,7318.950195,7318.950195,1027051
8/10/2022,7369,7369,7105,7149.399902,7149.399902,1906523
8/8/2022,7300,7398,7264,7342.200195,7342.200195,957482
8/5/2022,7339.950195,7367.950195,7276.049805,7304.700195,7304.700195,758078
8/4/2022,7338.950195,7385,7205,7316.649902,7316.649902,949481
8/3/2022,7326,7376.399902,7218,7296.350098,7296.350098,1218621
8/2/2022,7201.450195,7356,7182.200195,7341.899902,7341.899902,1249124
8/1/2022,7251.049805,7310,7192,7261,7261,1227077
7/29/2022,7175,7260,7125,7209.100098,7209.100098,2606762
7/28/2022,6522,7109.950195,6522,7076.600098,7076.600098,6485782
7/27/2022,6279,6429.399902,6195,6396.350098,6396.350098,1444989
7/26/2022,6300,6383.700195,6212.5,6264.450195,6264.450195,1530406
7/25/2022,6240,6334,6185,6227,6227,724023
7/22/2022,6271,6325,6217.700195,6258.25,6258.25,953295
7/21/2022,6079,6283.149902,6036,6266.899902,6266.899902,1325493
7/20/2022,6149,6149.600098,6042.049805,6074.399902,6074.399902,827092
7/19/2022,6040,6098.149902,6002.049805,6065.950195,6065.950195,978560
7/18/2022,5969.899902,6068.100098,5931.350098,6059.799805,6059.799805,966432
7/15/2022,5855,5928.25,5812.850098,5915.200195,5915.200195,569859
7/14/2022,5925,5926.950195,5794.700195,5830.850098,5830.850098,692920
7/13/2022,5929.950195,5979,5866.600098,5878.899902,5878.899902,886934
7/12/2022,5849.799805,5959.549805,5784,5873.549805,5873.549805,975446
7/11/2022,5850,5903.950195,5813.799805,5861.5,5861.5,761337
7/8/2022,5928,5928,5801,5873.200195,5873.200195,803282
7/7/2022,5935,5986.899902,5816,5860.700195,5860.700195,1335247
7/6/2022,5680,5938.850098,5645.899902,5916.700195,5916.700195,2222952
7/5/2022,5660,5755,5626.450195,5661.100098,5661.100098,1228453
7/4/2022,5612.899902,5648.950195,5541,5630.299805,5630.299805,789818
7/1/2022,5364,5633.950195,5335.049805,5614.399902,5614.399902,1221890
6/30/2022,5512.799805,5535.200195,5377,5400.5,5400.5,1198275
6/29/2022,5485,5554,5460,5512.799805,5492.799805,755982
6/28/2022,5607,5619,5525,5576.25,5556.02002,739500
6/27/2022,5700,5725,5587.75,5641.200195,5620.734375,1049008
6/24/2022,5510,5616.649902,5455,5587.75,5567.478027,1304933
6/23/2022,5445.600098,5495,5343,5448.149902,5428.384766,1101857
6/22/2022,5531.5,5531.5,5405,5439.600098,5419.865723,898346
6/21/2022,5525,5564,5455,5549.149902,5529.018066,1002359
6/20/2022,5428,5510,5352,5470.450195,5450.604004,1119456
6/17/2022,5220,5475,5220,5419.549805,5399.888184,1937939
6/16/2022,5565,5614.950195,5254.850098,5283.899902,5264.730469,2179686
6/15/2022,5418,5499.899902,5396.149902,5484.950195,5465.05127,1659943
6/14/2022,5347,5461,5284.200195,5375.75,5356.247559,1884541
6/13/2022,5525.049805,5554,5325,5358.25,5338.811035,1932785
6/10/2022,5825,5835,5652.399902,5667.5,5646.938965,2151891
6/9/2022,5905,5931.600098,5855,5898.549805,5877.150391,1237674
6/8/2022,5900,6054,5802.25,5954.299805,5932.698242,1334146
6/7/2022,5980,5989.950195,5833.649902,5878.600098,5857.272949,896982
6/6/2022,6008.200195,6050,5911,6021,5999.15625,737657
6/3/2022,6125,6168,6014,6028.200195,6006.330566,1043465
6/2/2022,6007,6080,5949.200195,6057.850098,6035.873047,750809
6/1/2022,6060,6130,5977.25,6010.149902,5988.345703,887620
5/31/2022,6110,6169.200195,6016.450195,6082.149902,6060.084473,1548966
5/30/2022,6088,6127,6041.100098,6111.200195,6089.029297,817484
5/27/2022,5900,6077,5861.049805,5993.5,5971.756348,1625805
5/26/2022,5850,5875.450195,5653.399902,5817.799805,5796.693359,1259546
5/25/2022,5839,5877.700195,5801.799805,5827.399902,5806.258789,867598
5/24/2022,5783,5833,5725,5798.799805,5777.762207,1084069
5/23/2022,5825,5906.25,5771.200195,5794,5772.97998,968021
5/20/2022,5840,5841.950195,5712,5769.600098,5748.668457,1098610
5/19/2022,5651,5745,5611,5707,5686.29541,1065025
5/18/2022,5889.950195,5956.700195,5790,5815.200195,5794.103027,1655094
5/17/2022,5660,5849,5652,5837.299805,5816.122559,1401770
5/16/2022,5575,5711.950195,5488,5645.399902,5624.918945,1414955
5/13/2022,5700,5749,5500,5515.75,5495.739258,2105315
5/12/2022,5750,5764.75,5505.899902,5593.399902,5573.107422,2494044
5/11/2022,5957,5996.600098,5737,5807,5785.932617,1861339
5/10/2022,6000,6113.049805,5900,5928.450195,5906.942383,1177933
5/9/2022,5961,6135.25,5832.549805,6036.950195,6015.048828,1935648
5/6/2022,6201,6205.049805,5975,6000.299805,5978.53125,3064865
5/5/2022,6400,6497.450195,6290,6309.450195,6286.560059,1486028
5/4/2022,6629.899902,6667.799805,6290,6339.75,6316.75,1649115
5/2/2022,6550,6649.850098,6525.5,6626.149902,6602.11084,1238741
4/29/2022,6800,6823.600098,6651,6671.799805,6647.595215,1337517
4/28/2022,6748,6805,6580,6727.649902,6703.242676,2499094
4/27/2022,7100,7100,6688.850098,6714.100098,6689.742188,3984357
4/26/2022,7131,7262.950195,7097,7240.549805,7214.281738,1012419
4/25/2022,7000,7074.950195,6950,7005.5,6980.084961,684953
4/22/2022,7080,7207,7071.399902,7110.75,7084.953125,807987
4/21/2022,7099,7187,7047.299805,7138.100098,7112.203613,875343
4/20/2022,7274.950195,7294.700195,6960,7032.5,7006.986816,1558181
4/19/2022,7300,7443.299805,7151,7259.549805,7233.212891,1191110
4/18/2022,7265.5,7375,7231.600098,7261.450195,7235.106445,758222
4/13/2022,7313,7380,7282.049805,7328.450195,7301.863281,672317
4/12/2022,7299.950195,7299.950195,7220,7274.5,7248.108887,805598
4/11/2022,7345.049805,7384,7295,7336.649902,7310.033203,597508
4/8/2022,7328.299805,7425,7260,7366.600098,7339.875,881973
4/7/2022,7310,7356,7270,7290.200195,7263.751953,718266
4/6/2022,7350,7425,7300,7346.950195,7320.296387,767031
4/5/2022,7435,7479.950195,7330,7388.450195,7361.645508,1072082
4/4/2022,7449,7590.899902,7430,7490.649902,7463.474609,1049759
4/1/2022,7229.950195,7449,7220.299805,7408.100098,7381.224121,871513
3/31/2022,7287.950195,7445,7240.649902,7259.950195,7233.611816,1633011
3/30/2022,7100,7274.450195,7099,7251.850098,7225.541016,1272254
3/29/2022,7040,7060,6984.5,7039.350098,7013.812012,715950
3/28/2022,6990,7035,6870,7001.399902,6975.999512,936973
3/25/2022,7059,7067.450195,6940,6973.5,6948.200684,702373
3/24/2022,6969,7035.549805,6881.25,6997.549805,6972.163574,783716
3/23/2022,7050,7104,6970,7004.799805,6979.387207,1176750
3/22/2022,6870,7010,6767,6985.799805,6960.456055,1273796
3/21/2022,7000,7018.75,6850,6870.399902,6845.474609,962019
3/17/2022,6947.700195,7056.899902,6930.100098,6994.399902,6969.024902,1670678
3/16/2022,6780,6899.399902,6743.350098,6840.600098,6815.783203,1633596
3/15/2022,6677.200195,6750,6605,6666.549805,6642.364258,1479270
3/14/2022,6601,6689,6500,6665.450195,6641.268555,1266846
3/11/2022,6550,6685,6490.049805,6628,6603.954102,1264771
3/10/2022,6794,6794,6501,6584.899902,6561.010742,2091561
3/9/2022,6219.5,6525,6121.850098,6472.5,6449.018555,2280131
3/8/2022,6128,6217.350098,5912.899902,6161.850098,6139.495605,2885783
3/7/2022,6350,6370,6100,6125,6102.779297,2843588
3/4/2022,6688.399902,6698,6500,6537.899902,6514.181152,1996509
3/3/2022,6920,6944.299805,6725,6748.350098,6723.867676,1333999
3/2/2022,6918,6936.350098,6762,6831.549805,6806.765625,1608009
2/28/2022,6860,7025,6806.600098,7002.299805,6976.895996,1580891
2/25/2022,6800,6989.950195,6759,6969.399902,6944.115723,1413281
2/24/2022,6800,6900.200195,6592.450195,6627.799805,6603.754883,1930040
2/23/2022,7060,7117.350098,7027.450195,7044.549805,7018.992676,795228
2/22/2022,6800,7036.149902,6789,7011.350098,6985.913574,1258732
2/21/2022,7000,7080.899902,6911,7006.350098,6980.931641,816664
2/18/2022,7020,7116,7010,7030.100098,7004.595703,762517
2/17/2022,7120,7128,6982,7082.450195,7056.755859,903616
2/16/2022,7185,7224.950195,7050,7068.600098,7042.956055,1054041
2/15/2022,6800,7195,6785.950195,7142.049805,7116.13916,1346820
2/14/2022,6810,6930,6744.049805,6785.950195,6761.331543,1169766
2/11/2022,7040,7079.950195,6921.049805,7011.600098,6986.162598,1276461
2/10/2022,7135,7240,7065,7137,7111.10791,1244200
2/9/2022,7128.549805,7157.899902,7070,7117.350098,7091.529297,649166
2/8/2022,7000,7147,6914.700195,7055,7029.405273,1640542
2/7/2022,7165,7165,6881,6930.600098,6905.456543,1183012
2/4/2022,7090,7188.399902,7055,7158.399902,7132.430176,823208
2/3/2022,7253,7287.049805,7100,7110.649902,7084.853027,839856
2/2/2022,7100,7280,7095,7247.450195,7221.157227,1339821
2/1/2022,7075.899902,7115.799805,6886,7014.600098,6989.151855,1383449
1/31/2022,6979.899902,7075.899902,6930.100098,7000.25,6974.854004,1251249
1/28/2022,6961.049805,7045.600098,6845,6867.25,6842.336426,1467522
1/27/2022,6823.600098,6902.350098,6708.100098,6837,6812.196289,1761028
1/25/2022,6900,6996,6752.200195,6963.75,6938.486328,2525934
1/24/2022,7350,7350,6817.700195,6931.75,6906.602539,2502582
1/21/2022,7402.5,7499,7305.850098,7373.75,7346.999023,1370450
1/20/2022,7610,7650,7401,7530.25,7502.931152,2910383
1/19/2022,7850,8045,7473,7571.799805,7544.330078,5000317
1/18/2022,7899.950195,7945,7716.049805,7744,7715.905762,1130024
1/17/2022,7819.5,7910,7801.549805,7852.600098,7824.111816,679774
1/14/2022,7775,7846.100098,7728.5,7832.200195,7803.785645,569635
1/13/2022,7828,7849.549805,7774,7808.350098,7780.021973,616374
1/12/2022,7726,7869,7691.799805,7774.5,7746.294922,1458404
1/11/2022,7739,7759.950195,7571,7669.850098,7642.024902,1037912
1/10/2022,7686,7759,7669.75,7731.299805,7703.251465,639060
1/7/2022,7763.950195,7785,7585,7659.350098,7631.562988,1165951
1/6/2022,7525,7779.350098,7521,7748.25,7720.140137,1535986
1/5/2022,7469.899902,7691.149902,7415,7670.799805,7642.970703,2583262
1/4/2022,7250,7375,7235.5,7343,7316.360352,959173
1/3/2022,6975,7243.950195,6975,7219.600098,7193.408203,1269725
12/31/2021,6882,6999,6875.549805,6977.299805,6951.986816,769907
12/30/2021,6899.899902,6944.950195,6856.899902,6871.100098,6846.172363,658992
12/29/2021,6884.899902,6949.950195,6853.049805,6911.649902,6886.575195,532379
12/28/2021,6980,6980,6861.75,6906.649902,6881.593262,862464
12/27/2021,6751,6908.799805,6654.049805,6890.75,6865.750977,912360
12/24/2021,6984.899902,6987.950195,6757.600098,6852,6827.141602,980774
12/23/2021,6840,6993.5,6838.25,6917.75,6892.65332,1339399
12/22/2021,6635,6790.75,6623.799805,6771.200195,6746.634766,1267898
12/21/2021,6725.149902,6750,6540,6577.549805,6553.687012,1375591
12/20/2021,6850,6864.850098,6492.600098,6634.149902,6610.082031,2226319
12/17/2021,7000,7025,6865,6901.100098,6876.063477,1680511
12/16/2021,6945,7063.450195,6932.899902,7028.850098,7003.350098,1768318
12/15/2021,7072.5,7072.5,6831,6847.25,6822.408691,1817528
12/14/2021,7180,7180,7035,7065.899902,7040.265625,1276481
12/13/2021,7470,7477,7199,7218.75,7192.561035,1298599
12/10/2021,7374,7467,7360,7452.5,7425.462891,679145
12/9/2021,7400,7468.100098,7337,7440.299805,7413.307129,1076950
12/8/2021,7120,7386.350098,7120,7361.5,7334.793457,1402691
12/7/2021,7048,7170,6958,7103.149902,7077.380371,1079608
12/6/2021,7069.25,7095.899902,6938.100098,6951.75,6926.529785,858253
12/3/2021,7160,7233.799805,7055,7069.25,7043.603516,816411
12/2/2021,7090,7210,7022.399902,7180.5,7154.449707,847704
12/1/2021,7032.200195,7107.700195,6951,7038.700195,7013.164551,1136768
11/30/2021,6910,7199.799805,6849.25,6997.25,6971.864746,2195539
11/29/2021,6767,6980,6678.299805,6905.75,6880.696777,1491815
11/26/2021,7021,7047.899902,6775,6807.049805,6782.354492,1689082
11/25/2021,7150,7205,7086.799805,7125.799805,7099.948242,615486
11/24/2021,7160,7319.799805,7066,7177.299805,7151.26123,1099380
11/23/2021,7000,7178,6924.100098,7114.299805,7088.489746,1187589
11/22/2021,7492,7514.5,6990.049805,7058.299805,7032.692871,1935243
11/18/2021,7620,7697.700195,7440,7484.950195,7457.79541,772539
11/17/2021,7528,7692,7521.25,7607.649902,7580.050293,645574
11/16/2021,7525,7650,7500.75,7555.700195,7528.289063,598049
11/15/2021,7579,7627.450195,7490,7534.25,7506.916504,402518
11/12/2021,7500,7600.25,7453,7579.100098,7551.604004,497128
11/11/2021,7570.200195,7600.950195,7410,7452.700195,7425.662598,634400
11/10/2021,7545,7610,7505,7581.450195,7553.945313,464989
11/9/2021,7700,7754.399902,7550,7577.5,7550.009766,800247
11/8/2021,7543.899902,7713.149902,7486,7673.649902,7645.810547,900301
11/4/2021,7561,7569,7515,7525.100098,7497.799805,94033
11/3/2021,7486,7538.799805,7451,7516.25,7488.981934,668704
11/2/2021,7466.700195,7555,7400.25,7455.350098,7428.302734,687116
11/1/2021,7430,7500.200195,7220,7413.950195,7387.053223,1037314
10/29/2021,7480,7549.700195,7313.049805,7400.200195,7373.353027,948334
10/28/2021,7540,7596,7353.399902,7484.25,7457.098145,1572302
10/27/2021,7870,7919.950195,7461,7482.149902,7455.005371,3112233
10/26/2021,7695,7894.950195,7651.100098,7855.649902,7827.150391,1660575
10/25/2021,7750,7837.75,7350.5,7646.649902,7618.908691,1169729
10/22/2021,7756,7935,7665,7710.200195,7682.228516,1517376
10/21/2021,7830,7830,7685,7737.299805,7709.229492,639461
10/20/2021,7741,7833.549805,7575,7761.350098,7733.192871,1102899
10/19/2021,7890,7914.700195,7671,7739.299805,7711.222656,1244989
10/18/2021,8050,8050,7800.799805,7865.549805,7837.014648,855098
10/14/2021,7969,7969,7812.350098,7862.899902,7834.374023,1134849
10/13/2021,7907.899902,8010,7861.299805,7929.299805,7900.533203,1052438
10/12/2021,7810,7925,7750,7855.75,7827.25,1099449
10/11/2021,7773.899902,7904.399902,7752,7817.100098,7788.740234,908648
10/8/2021,7750,7829,7712,7732.200195,7704.148438,756571
10/7/2021,7845.899902,7885,7738,7747.899902,7719.791504,940550
10/6/2021,7810,7880.600098,7685,7735.149902,7707.087402,1764631
10/5/2021,7683,7765,7634.100098,7724.200195,7696.177734,773243
10/4/2021,7588,7769,7560.149902,7695.049805,7667.132813,1090198
10/1/2021,7620,7639.200195,7475,7522.75,7495.458008,937740
9/30/2021,7545,7700,7490.899902,7668.100098,7640.28125,1490707
9/29/2021,7529,7635.850098,7456.149902,7515.399902,7488.134766,945879
9/28/2021,7815,7825,7425.049805,7543.299805,7515.933594,1572301
9/27/2021,7849,7860,7740.049805,7795.450195,7767.168945,650774
9/24/2021,7949.850098,7949.850098,7725.649902,7793.399902,7765.126465,1129346
9/23/2021,7863.600098,7999,7804.649902,7899.049805,7870.393066,2109147
9/22/2021,7850,7895,7771,7793.649902,7765.375488,1500541
9/21/2021,7481.149902,7847.100098,7401,7813.850098,7785.502441,1993133
9/20/2021,7360,7581,7320.75,7442.450195,7415.449707,1083806
9/17/2021,7445.5,7679.950195,7360,7428.799805,7401.849121,3474969
9/16/2021,7445,7445,7330.5,7411.5,7384.611816,577129
9/15/2021,7445,7480,7380,7414.149902,7387.251953,657283
9/14/2021,7480,7530,7408,7417.549805,7390.639648,719258
9/13/2021,7430.649902,7495,7352,7445.549805,7418.538086,802565
9/9/2021,7430,7460,7380,7430.649902,7403.692383,700436
9/8/2021,7457,7514,7411.049805,7463.200195,7436.124512,859256
9/7/2021,7528.899902,7566.25,7407.200195,7457.299805,7430.245605,836013
9/6/2021,7550,7615,7485.100098,7506.350098,7479.117676,897071
9/3/2021,7500,7555,7461.75,7523.399902,7496.105957,880247
9/2/2021,7500,7586.399902,7445.049805,7498.450195,7471.246582,1183378
9/1/2021,7525,7674.5,7483.350098,7519.600098,7492.319824,2227789
8/31/2021,7160,7598.799805,7130,7524.5,7497.20166,2946438
8/30/2021,6995.950195,7197,6980,7165.5,7139.504395,1504382
8/27/2021,6950,7024.350098,6872,6966.600098,6941.326172,935906
8/26/2021,6900,6993.25,6855,6931.950195,6906.801758,1234588
8/25/2021,7005,7054,6921,6944.950195,6919.754395,1509667
8/24/2021,6775,7049,6727.950195,6980.100098,6954.776855,2622990
8/23/2021,6740,6819.5,6697,6752.200195,6727.704102,1738340
8/20/2021,6471.950195,6732.700195,6455.649902,6661.100098,6636.934082,2164732
8/18/2021,6434,6640,6406.049805,6544.100098,6520.358887,2153730
8/17/2021,6409.950195,6436.850098,6305,6410.100098,6386.844727,1602776
8/16/2021,6149,6395,6103.850098,6377.149902,6354.01416,1423335
8/13/2021,6210,6228.850098,6131,6156.549805,6134.214355,667932
8/12/2021,6181,6254.899902,6151.25,6199.5,6177.008789,794602
8/11/2021,6176.100098,6199.950195,6057,6167.799805,6145.423828,791929
8/10/2021,6225,6248.450195,6142.049805,6170.100098,6147.71582,731009
8/9/2021,6225,6269.950195,6136.049805,6193.149902,6170.681641,881179
8/6/2021,6285,6299.5,6211,6224.299805,6201.71875,729789
8/5/2021,6354,6355.5,6232,6248.25,6225.582031,866567
8/4/2021,6343,6477.450195,6315,6359.149902,6336.07959,1632091
8/3/2021,6215,6342,6206,6331.899902,6308.928223,1091710
8/2/2021,6270,6283.950195,6170,6200.5,6178.005371,1012435
7/30/2021,6416.850098,6416.850098,6212.200195,6228.100098,6205.505371,1406885
7/29/2021,6289.950195,6430,6264.049805,6400.100098,6376.881348,1484664
7/28/2021,6257.899902,6284,6157,6262,6239.282227,1149153
7/27/2021,6180,6327,6175,6231.450195,6208.843262,2068528
7/26/2021,6150,6198.299805,6130,6162.450195,6140.093262,733502
7/23/2021,6189,6225,6140,6180.899902,6158.476074,953739
7/22/2021,5930,6244,5921.149902,6195.549805,6173.072754,3488591
7/20/2021,6020,6027.950195,5868,5941.850098,5920.293457,1401837
7/19/2021,6088,6123,5935,6015.399902,5993.57666,1290532
7/16/2021,6125,6190,6097.200195,6125.450195,6103.227539,963121
7/15/2021,6133.899902,6177.200195,6102,6129.700195,6107.462402,870990
7/14/2021,6150,6182,6120,6133.899902,6111.646973,776574
7/13/2021,6185,6225,6140,6154.299805,6131.972656,1002127
7/12/2021,6175,6198.899902,6103.600098,6149.549805,6127.239746,978740
7/9/2021,6083,6171,6061.049805,6136.149902,6113.888672,1447544
7/8/2021,6180,6220.899902,6080.399902,6117.799805,6095.60498,1130560
7/7/2021,6220,6286,6160.399902,6198.600098,6166.148438,1947925
7/6/2021,6055,6342.799805,6053,6202.399902,6169.928711,3491393
7/5/2021,6029,6095.950195,6006.049805,6072.700195,6040.907715,863179
7/2/2021,6000,6030,5965,5997.75,5966.350098,811298
7/1/2021,6040,6040,5940,5967.149902,5935.909668,1120601
6/30/2021,6050,6125,6000,6015.850098,5984.355469,1225794
6/29/2021,6040,6137.649902,6002.100098,6052.399902,6020.713867,1310079
6/28/2021,6100,6117.700195,6015,6037.049805,6005.443848,828481
6/25/2021,6057,6107,6030.200195,6075.799805,6043.991211,961994
6/24/2021,6027,6108,6011,6043.600098,6011.959961,1082421
6/23/2021,6051,6115,6001,6015.600098,5984.106934,1238215
6/22/2021,6150,6189,6000,6016.799805,5985.300293,1540611
6/21/2021,6000,6135,5987.100098,6116,6083.980957,1271962
6/18/2021,6089.899902,6148,5965.049805,6087.049805,6055.182617,2709615
6/17/2021,5920,6115,5920,6050.25,6018.575195,1871857
6/16/2021,6140,6160.899902,6062.799805,6081.600098,6049.76123,1481658
6/15/2021,6219,6239.799805,6150,6161.149902,6128.894531,1523661
6/14/2021,6069.700195,6249,5975.600098,6194.149902,6161.72168,2633601
6/11/2021,6105.350098,6230,6045.200195,6120,6087.959961,3702721
6/10/2021,5715,6115,5677,6086.399902,6054.535645,5296120
6/9/2021,5795,5795,5627.299805,5674.5,5644.79248,1538112
6/8/2021,5751,5817,5720.149902,5755.399902,5725.268555,1789007
6/7/2021,5800,5843.850098,5682.450195,5729.75,5699.75293,2835805
6/4/2021,5915,6010,5900,5993.450195,5962.072754,2445367
6/3/2021,5840,5915,5780.149902,5901.5,5870.603516,2230378
6/2/2021,5756.5,5845,5742.549805,5808.649902,5778.239746,2013195
6/1/2021,5644,5818,5625.399902,5784.799805,5754.514648,2853451
5/31/2021,5620,5664.700195,5560,5627.950195,5598.486328,1795811
5/28/2021,5724,5750,5592.100098,5610.75,5581.376465,1526375
5/27/2021,5779.950195,5782.149902,5651,5682.200195,5652.452148,2152590
5/26/2021,5640,5794.799805,5586.100098,5771.149902,5740.936523,2916746
5/25/2021,5640,5658.799805,5582,5618.649902,5589.234863,1315546
5/24/2021,5634,5688,5590,5602.899902,5573.566895,1215060
5/21/2021,5660,5695,5586.299805,5631.75,5602.265625,1856966
5/20/2021,5628,5658,5545,5588.75,5559.491211,1488827
5/19/2021,5674.950195,5722.899902,5595,5631.200195,5601.719238,2250906
5/18/2021,5501,5705,5501,5688.75,5658.967773,3147883
5/17/2021,5350,5490,5315.049805,5430.100098,5401.671875,2411583
5/14/2021,5405,5405,5267,5330.350098,5302.444336,1525762
5/12/2021,5413.100098,5440,5329.399902,5358.399902,5330.34668,1539336
5/11/2021,5411.25,5458.100098,5390,5424.700195,5396.300293,1617248
5/10/2021,5575,5575,5445,5497.5,5468.71875,1997339
5/7/2021,5590,5613.149902,5458,5493.799805,5465.038086,1851033
5/6/2021,5568,5619.899902,5473.350098,5528.799805,5499.854492,2223111
5/5/2021,5683,5700,5452.399902,5515.149902,5486.276367,4378693
5/4/2021,5610,5749.950195,5560,5615.75,5586.349609,4838347
5/3/2021,5316.299805,5580,5291.25,5551.149902,5522.087891,4033591
4/30/2021,5350,5524.649902,5327.700195,5451.899902,5423.35791,4124888
4/29/2021,5350,5525,5330,5484.850098,5456.135254,7258486
4/28/2021,4915,5310,4915,5280.899902,5253.252441,8576454
4/27/2021,4747,4889.850098,4746.549805,4865.049805,4839.57959,2644997
4/26/2021,4690,4829,4690,4736.549805,4711.752441,2903989
4/23/2021,4621.100098,4759.799805,4610.5,4667.799805,4643.362793,2729525
4/22/2021,4550,4714,4505.75,4688.700195,4664.15332,2563539
4/20/2021,4563,4699,4555.200195,4613.649902,4589.496094,3394597
4/19/2021,4450,4504,4362,4479.600098,4456.147949,3426507
4/16/2021,4661,4690,4590,4616.600098,4592.430664,2142648
4/15/2021,4708.100098,4750,4566.100098,4660.299805,4635.901367,2897185
4/13/2021,4535.100098,4774.899902,4514.049805,4728.75,4703.993652,3175019
4/12/2021,4740,4740,4400,4511,4487.383789,4500046
4/9/2021,5000,5010,4845,4872.299805,4846.791992,2902646
4/8/2021,5100,5115,5015,5029.5,5003.168945,1407879
4/7/2021,4980,5109,4940,5077.100098,5050.519531,2402782
4/6/2021,5050,5059.450195,4952.600098,4993.100098,4966.959961,2070906
4/5/2021,5259,5259,4920.600098,4962.5,4936.52002,3739680
4/1/2021,5210,5288.5,5161.950195,5272.149902,5244.54834,2148234
3/31/2021,5185,5218.799805,5122.950195,5149.850098,5122.88916,1845975
3/30/2021,5234.850098,5260,5150,5193.549805,5166.359863,1845280
3/26/2021,5170,5248,5135,5183.049805,5155.915039,2347460
3/25/2021,5280,5300,5103.149902,5122.200195,5095.383789,2343271
3/24/2021,5374,5374,5260,5270.299805,5242.708008,1737643
3/23/2021,5410,5445,5350,5378.799805,5350.640137,1849038
3/22/2021,5446.5,5497,5337,5389.350098,5361.134766,1938461
3/19/2021,5316,5479,5190.049805,5453.25,5424.700684,3220310
3/18/2021,5423,5545,5305,5371.850098,5343.727051,2339058
3/17/2021,5460,5460.399902,5344.450195,5359.799805,5331.739746,1134758
3/16/2021,5488.450195,5507,5420,5455.950195,5427.386719,1561305
3/15/2021,5571.049805,5585.649902,5350.549805,5439.049805,5410.574707,2087008
3/12/2021,5600,5670,5521,5557.850098,5528.753418,2508013
3/10/2021,5440,5561,5440,5545.049805,5516.02002,2191250
3/9/2021,5371,5445,5335,5415.049805,5386.700684,1811496
3/8/2021,5469,5493.950195,5311,5320.649902,5292.794922,1721042
3/5/2021,5440,5519.75,5402.100098,5444.899902,5416.394531,2075760
3/4/2021,5430,5567.149902,5401,5485.899902,5457.179688,2234698
3/3/2021,5364.149902,5573.350098,5340.100098,5542.899902,5513.881348,2252413
3/2/2021,5300,5410,5262.049805,5316.299805,5288.467285,2208634
3/1/2021,5315,5369.899902,5195,5266.799805,5239.226563,2031881
2/26/2021,5430,5454,5221,5264.899902,5237.336426,3713326
2/25/2021,5601,5619.950195,5511.350098,5529.950195,5500.999512,1584595
2/24/2021,5444,5578.899902,5383,5562.899902,5533.776367,1908795
2/23/2021,5420,5504.649902,5350,5383.700195,5355.514648,2190245
2/22/2021,5480,5538.700195,5334.75,5376.850098,5348.700684,2000563
2/19/2021,5560,5621.950195,5425,5497.950195,5469.166992,2744456
2/18/2021,5699,5714.75,5522.200195,5563.350098,5534.224609,2317513
2/17/2021,5730,5799,5670,5705.149902,5675.281738,2346395
2/16/2021,5791.399902,5822.200195,5690.299805,5760.25,5730.093262,2126810
2/15/2021,5605.350098,5799,5600,5779.850098,5749.59082,3168826
2/12/2021,5570,5618,5532.049805,5577.450195,5548.250488,1625268
2/11/2021,5470,5588,5455.75,5567.049805,5537.904297,2028947
2/10/2021,5434.700195,5502.350098,5395,5475.899902,5447.231934,2638012
2/9/2021,5537.5,5539,5382.600098,5400.299805,5372.027344,2263904
2/8/2021,5542,5665,5475.299805,5497.700195,5468.917969,2800809
2/5/2021,5526,5627,5470,5538.549805,5509.553711,4437987
2/4/2021,5214,5543,5206.049805,5504.850098,5476.030273,5325888
2/3/2021,5218.600098,5270,5140,5245.100098,5217.640137,2650783
2/2/2021,5100,5337.950195,5094.899902,5173.200195,5146.116699,4347993
2/1/2021,4775,5080,4666.5,5058.600098,5032.116699,4290745
1/29/2021,4886.700195,4950,4707.100098,4734.549805,4709.763184,4260795
1/28/2021,4779.549805,4909,4723.100098,4810.25,4785.066895,3477329
1/27/2021,4921.299805,4945.600098,4811,4845,4819.634766,2800493
1/25/2021,5049,5163,4890,4908.700195,4883.001953,3673060
1/22/2021,5135,5137,4945.600098,4972.549805,4946.51709,3084796
1/21/2021,4993,5225,4990,5118.299805,5091.503906,7061809
1/20/2021,4968,5032.600098,4901,4981.950195,4955.868164,3314707
1/19/2021,4765.100098,4994.950195,4752,4959.149902,4933.1875,4767465
1/18/2021,4870,4880,4686,4719.850098,4695.140137,3703413
1/15/2021,4877,4927,4842.399902,4883.600098,4858.032715,2544916
1/14/2021,4902.899902,4966.799805,4834,4877.350098,4851.815918,2680811
1/13/2021,5066,5074,4826.25,4902.899902,4877.231934,3269373
1/12/2021,4984.25,5099,4951,5042.200195,5015.802734,3335908
1/11/2021,5108,5110.950195,4958.25,4984.25,4958.155762,2924164
1/8/2021,5130,5138.75,5042,5082,5055.394043,2998451
1/7/2021,5065,5131.549805,5021.299805,5081,5054.399902,3035750
1/6/2021,5130,5168.350098,4990.299805,5030.299805,5003.964355,3607923
1/5/2021,5218,5224.200195,5062.5,5119,5092.200195,3953400
1/4/2021,5324,5324,5196.200195,5216.200195,5188.891602,2333659
1/1/2021,5310.200195,5338,5250,5280.149902,5252.506836,1447187
12/31/2020,5335,5372.5,5272,5295.200195,5267.478027,2869212
12/30/2020,5200.5,5348,5174,5334.149902,5306.224121,3864700
12/29/2020,5225,5247,5167.5,5200.5,5173.273926,1969529
12/28/2020,5184.899902,5244.799805,5175,5204.100098,5176.85498,1932606
12/24/2020,5138.950195,5218.950195,5106,5184.899902,5157.755371,2625559
12/23/2020,5000,5166,4970.350098,5088.899902,5062.258301,3431457
12/22/2020,5070,5125,4826.350098,5011.399902,4985.164063,5473521
12/21/2020,5228,5234.700195,4905.200195,5041.850098,5015.454102,3551570
12/18/2020,5250,5284.950195,5165,5252.5,5225.001465,3255043
12/17/2020,5139.850098,5303.149902,5101.600098,5286.700195,5259.022461,3733152
12/16/2020,5199,5225,5120,5146.600098,5119.65625,3269184
12/15/2020,4889.950195,5150,4868.850098,5122.5,5095.682129,5936796
12/14/2020,4857.5,4914.700195,4848,4898.649902,4873.003906,1786348
12/11/2020,4805,4889,4805,4843.850098,4818.491211,2670019
12/10/2020,4850,4860,4785,4794.799805,4769.697754,1925963
12/9/2020,4820,4852.850098,4791.200195,4844.149902,4818.789063,1965992
12/8/2020,4850,4865,4775,4792.149902,4767.061523,2971076
12/7/2020,4870,4924.950195,4815,4829.450195,4804.166992,3115124
12/4/2020,4870,4958,4815,4875.350098,4849.826172,3679378
12/3/2020,4865,4890,4817,4867.450195,4841.967773,2876844
12/2/2020,4864,4884,4785,4823.899902,4798.645508,3654970
12/1/2020,4951.200195,4952.399902,4825.25,4861.100098,4835.650391,4017427
11/27/2020,4859,4960,4785.149902,4908.799805,4883.100586,12364707
11/26/2020,4655,4854,4640,4821.25,4796.009277,6273208
11/25/2020,4822,4825,4675,4689.75,4665.197266,4763321
11/24/2020,4835,4862,4770,4810.649902,4785.464355,4297385
11/23/2020,4769,4869.299805,4733.549805,4811.450195,4786.260742,7325039
11/20/2020,4571.950195,4762.149902,4515.25,4715.850098,4691.161621,8736410
11/19/2020,4628.899902,4785,4512.549805,4536.549805,4512.799805,8351005
11/18/2020,4475,4678,4464,4653.75,4629.38623,7513019
11/17/2020,4398.700195,4503.950195,4345,4488,4464.503906,5851523
11/14/2020,4400,4435,4340,4374.799805,4351.896484,789479
11/13/2020,4260,4410,4250,4376.049805,4353.139648,6088459
11/12/2020,4260,4325,4200.049805,4298.299805,4275.796875,5590038
11/11/2020,4211,4429.549805,4133.950195,4268.799805,4246.451172,13896654
11/10/2020,3898.949951,4243.950195,3882.800049,4208.549805,4186.51709,11421448
11/9/2020,3810,3878.699951,3786.050049,3865,3844.765625,4149898
11/6/2020,3734.100098,3827.300049,3704.100098,3780.75,3760.956787,5744050
11/5/2020,3610,3750,3587.649902,3736.899902,3717.335938,6332141
11/4/2020,3469,3569.949951,3462,3561.449951,3542.804688,4371143
11/3/2020,3430,3520,3415.850098,3490.800049,3472.524658,4446045
11/2/2020,3325.550049,3447.399902,3274.649902,3419.800049,3401.89624,4288551
10/30/2020,3364.949951,3391,3252.850098,3309,3291.676514,4287623
10/29/2020,3367.800049,3432,3333.75,3380.050049,3362.354492,3780349
10/28/2020,3448.949951,3489.899902,3347.899902,3370.800049,3353.152832,4649105
10/27/2020,3326,3465,3278,3453.25,3435.171143,6020946
10/26/2020,3330,3330,3236.649902,3293.899902,3276.655273,3546245
10/23/2020,3331.399902,3356.800049,3303,3316.899902,3299.534912,3204777
10/22/2020,3160,3345,3150,3314.449951,3297.0979,7085769
10/21/2020,3270,3295,3101.350098,3232.850098,3215.925049,7536460
10/20/2020,3255,3289.5,3226.800049,3262.149902,3245.071533,3252090
10/19/2020,3255.100098,3294.699951,3196.600098,3267.199951,3250.095215,4206637
10/16/2020,3236.350098,3269.449951,3170.100098,3231.350098,3214.433105,5076236
10/15/2020,3368.199951,3370,3201,3214.75,3197.919678,5268019
10/14/2020,3268,3382.350098,3232.699951,3372.050049,3354.396484,5304447
10/13/2020,3319.949951,3340,3243.649902,3272.600098,3255.467041,3777657
10/12/2020,3350,3379.399902,3305,3327.199951,3309.781006,3204652
10/9/2020,3324.899902,3418.449951,3305,3317.899902,3300.529541,5684099
10/8/2020,3354,3388,3302,3326.449951,3309.034912,4461810
10/7/2020,3400,3400,3285.300049,3331.149902,3313.710449,6571080
10/6/2020,3439.899902,3480,3391.199951,3474.300049,3456.11084,4758757
10/5/2020,3465,3519,3370.25,3382.899902,3365.189453,4207190
10/1/2020,3325,3460,3315.050049,3442.800049,3424.775879,5382106
9/30/2020,3293.899902,3343.850098,3260,3278.600098,3261.435547,3603536
9/29/2020,3358,3372,3254.5,3294.75,3277.500977,4643446
9/28/2020,3178,3350,3162.75,3335.149902,3317.689453,5588695
9/25/2020,3080,3167.149902,3028.800049,3138.949951,3122.516602,6232593
9/24/2020,3191,3194.75,3006.899902,3028.899902,3013.042725,5963777
9/23/2020,3330,3344,3200.199951,3243.850098,3226.867676,4244328
9/22/2020,3329,3353.800049,3217.050049,3303,3285.707764,4224968
9/21/2020,3462.800049,3467,3314.25,3330.149902,3312.715576,3627419
9/18/2020,3491.399902,3503.800049,3429,3474.800049,3456.608398,3769087
9/17/2020,3488.800049,3517,3456.199951,3471.949951,3453.773193,2781156
9/16/2020,3517.949951,3567.399902,3481.649902,3521.5,3503.063965,3907718
9/15/2020,3475,3524.199951,3455,3513.399902,3495.006104,3893637
9/14/2020,3557,3575.050049,3420,3440.699951,3422.687012,4531509
9/11/2020,3490,3557.699951,3456.699951,3544.399902,3525.843994,4608384
9/10/2020,3456.5,3523.449951,3418,3498.699951,3480.383301,4762282
9/9/2020,3477,3493.449951,3392.449951,3422.850098,3404.93042,4563247
9/8/2020,3520,3574.899902,3475,3500,3481.67627,4448703
9/7/2020,3607,3629,3477.600098,3505.149902,3486.799316,4665168
9/4/2020,3541.5,3649.800049,3520.75,3596.800049,3577.969727,4914649
9/3/2020,3668,3676.75,3605,3619.699951,3600.749756,3221366
9/2/2020,3642.699951,3680,3573.449951,3668.649902,3649.443359,4281011
9/1/2020,3517,3674,3500.199951,3643.850098,3624.773438,6065182
8/31/2020,3715,3749.850098,3465,3487.800049,3469.540527,8529766
8/28/2020,3650,3688,3617.050049,3670.800049,3651.582275,4251328
8/27/2020,3656.949951,3668.399902,3596.399902,3632.5,3613.48291,4611062
8/26/2020,3665,3707,3631,3645.550049,3626.4646,6665085
8/25/2020,3525,3660,3510,3642.899902,3623.828125,9854059
8/24/2020,3403,3515,3401.050049,3492.050049,3473.768311,6205575
8/21/2020,3430,3440,3380,3389.300049,3371.555908,2627380
8/20/2020,3378,3414.5,3353.050049,3393.800049,3376.032471,3677459
8/19/2020,3447,3465,3401,3409.949951,3392.0979,4198849
8/18/2020,3399,3437.949951,3366.600098,3419.899902,3401.99585,4706298
8/17/2020,3350,3399.5,3312.399902,3384.800049,3367.07959,4670572
8/14/2020,3425,3448.800049,3306.199951,3331.100098,3313.660645,5531335
8/13/2020,3450,3472,3401,3419.649902,3401.746826,4663359
8/12/2020,3425,3450,3362,3418.25,3400.354248,5662527
8/11/2020,3462.300049,3494.550049,3404.699951,3457.399902,3439.299561,5571818
8/10/2020,3494,3556.850098,3413.199951,3442.949951,3424.925049,7129245
8/7/2020,3333,3481.449951,3310,3464.300049,3446.16333,10151267
8/6/2020,3292,3378.800049,3255,3345.199951,3327.686768,8172906
8/5/2020,3256,3330,3247.949951,3262.149902,3245.071533,6985380
8/4/2020,3202,3260,3142.850098,3235.600098,3218.660645,6679145
8/3/2020,3244,3244,3169,3174.5,3157.880371,4463920
7/31/2020,3236,3273,3181.25,3251.300049,3234.278564,7235397
7/30/2020,3295.399902,3324,3205.050049,3218.300049,3201.451416,6508278
7/29/2020,3245,3329,3239.600098,3284.25,3267.055908,8070022
7/28/2020,3175,3260,3161.199951,3239.600098,3222.639893,8211697
7/27/2020,3263,3280,3152.199951,3171.149902,3154.547852,7089867
7/24/2020,3245,3290,3220,3251.850098,3234.825684,6637683
7/23/2020,3253,3320,3216.050049,3297.800049,3280.534912,8718035
7/22/2020,3320,3340,3193.600098,3253,3235.969482,17069659
7/21/2020,3500,3519.5,3218.649902,3292.449951,3275.213135,25960048
7/20/2020,3344.949951,3453.949951,3316.5,3441.5,3423.482666,10555495
7/17/2020,3210,3323,3205,3301.300049,3284.016602,8425626
7/16/2020,3180,3215,3102.300049,3204.800049,3188.021973,9999925
7/15/2020,3230,3297.699951,3122.25,3149.25,3132.762939,10980262
7/14/2020,3219.800049,3219.800049,3122.350098,3190.949951,3174.244385,12404422
7/13/2020,3360,3378,3216.199951,3234.600098,3217.666016,13136467
7/10/2020,3275,3395,3272.050049,3314.149902,3296.799316,16150413
7/9/2020,3235,3379.899902,3195.100098,3330,3312.566406,18757786
7/8/2020,3351.949951,3408.800049,3180.100098,3208.050049,3191.254883,19126183
7/7/2020,3150,3419.649902,3125.300049,3351.949951,3334.401367,22876401
7/6/2020,2970,3134.649902,2955,3108.800049,3092.524658,11437583
7/3/2020,2980,2989.449951,2921,2931.5,2916.152588,8543597
7/2/2020,2980,3016,2925,2964.25,2948.731445,11619734
7/1/2020,2831,2968.699951,2806,2953.899902,2938.435303,12704896
6/30/2020,2910,2936.649902,2816,2831,2816.178955,9703057
6/29/2020,2834,2894.449951,2770,2857.949951,2842.987549,11613999
6/26/2020,3042.5,3058.800049,2872.050049,2903.5,2888.299316,12572499
6/25/2020,2878.050049,3046,2851,3005.350098,2989.616211,15982130
6/24/2020,3125,3125,2911,2934.449951,2919.087158,20108807
6/23/2020,2899.949951,3109.25,2833,3025.5,3009.6604,16186953
6/22/2020,2740,2863.600098,2728,2840.300049,2825.43042,13939326
6/19/2020,2562,2714.550049,2560,2698.600098,2684.472168,18603826
6/18/2020,2375,2541.699951,2373,2525.949951,2512.72583,12738268
6/17/2020,2347,2425,2332.050049,2396,2383.456299,9650279
6/16/2020,2452,2455.399902,2285,2365,2352.618408,12914351
6/15/2020,2420,2429.949951,2331,2351.399902,2339.089844,12070346
6/12/2020,2200,2470,2199,2450.149902,2437.32251,16802457
6/11/2020,2410,2459,2320.100098,2338.899902,2326.655029,10042767
6/10/2020,2440,2470,2401,2435.649902,2422.898682,8961443
6/9/2020,2535,2535,2415.300049,2443.600098,2430.806885,12373077
6/8/2020,2505,2547.699951,2475.550049,2507.25,2494.123779,14992503
6/5/2020,2344,2409,2275,2390.350098,2377.835938,15850039
6/4/2020,2414,2453.649902,2276.800049,2313.050049,2300.94043,16315350
6/3/2020,2417,2496.850098,2398,2411.899902,2399.272705,18705176
6/2/2020,2165.25,2375,2160.850098,2346.199951,2333.916992,23442470
6/1/2020,1997.050049,2226.399902,1997.050049,2160.850098,2149.537354,18915983
5/29/2020,1914,1980,1891,1953.650024,1943.422119,10361847
5/28/2020,1954,1983,1927,1947.699951,1937.503174,9051775
5/27/2020,1830,1946,1783,1936.449951,1926.312012,17335246
5/26/2020,1918,1933.75,1821.550049,1829,1819.424683,9869295
5/22/2020,1975,2007,1865.25,1895.300049,1885.377563,16195094
5/21/2020,2059,2077.550049,1974.5,1990.199951,1979.78064,9879542
5/20/2020,1970,2060,1935,2042.800049,2032.105469,16318508
5/19/2020,1960,2003.550049,1922.199951,1964.949951,1954.662842,9413514
5/18/2020,2090,2093.449951,1926,1938.599976,1928.450806,10820571
5/15/2020,2119.949951,2136.600098,2056,2086.449951,2075.526855,8026726
5/14/2020,2159,2258.949951,2096.800049,2112,2100.943115,14307531
5/13/2020,2220,2239.949951,2145,2161.050049,2149.736328,9441185
5/12/2020,1989.699951,2080,1977.099976,2069.699951,2058.864502,10336527
5/11/2020,2070,2092.699951,1995.300049,2015.050049,2004.50061,7654990
5/8/2020,2130,2130,2015,2024.150024,2013.552979,6966375
5/7/2020,2098.949951,2169.850098,2048.350098,2060.550049,2049.762451,7770204
5/6/2020,2010,2131.899902,1952.349976,2106.25,2095.223145,13149696
5/5/2020,2130,2135,1997,2002.349976,1991.867065,11521209
5/4/2020,2200,2202.199951,2028.550049,2079.649902,2068.762451,7312745
4/30/2020,2365.050049,2418.949951,2291.149902,2318.100098,2305.964111,8883305
4/29/2020,2200.050049,2375,2200.050049,2296.449951,2284.427246,15060154
4/28/2020,2081,2244.100098,2035,2228.100098,2216.435303,14756344
4/27/2020,2000,2085,1915.650024,2044.050049,2033.348755,14495247
4/24/2020,2113.5,2113.5,1970.050049,1976.25,1965.903687,10494451
4/23/2020,2160,2219.100098,2112,2172.449951,2161.07666,7144006
4/22/2020,2059.949951,2170,2022.349976,2148.25,2137.003174,9062723
4/21/2020,2210,2210,2085,2099.75,2088.75708,7383985
4/20/2020,2325,2345.5,2265,2308.25,2296.165771,5403177
4/17/2020,2355,2375.899902,2235.199951,2308.149902,2296.065918,10191546
4/16/2020,2145,2250,2122,2220,2208.377686,7246740
4/15/2020,2345,2368,2168.399902,2182.449951,2171.02417,9333628
4/13/2020,2520,2520,2265.949951,2287.300049,2275.325439,8183199
4/9/2020,2391,2566.149902,2367.100098,2551.850098,2538.490479,7193246
4/8/2020,2184,2374,2144.149902,2332.899902,2320.686279,9109339
4/7/2020,2245,2286,2081.5,2253.350098,2241.553223,11161478
4/3/2020,2268.800049,2343.699951,2183.050049,2207.5,2195.943115,6172672
4/1/2020,2180,2286.899902,2132.649902,2219.350098,2207.731201,6408301
3/31/2020,2305.100098,2340,2100,2215.800049,2204.199707,11043111
3/30/2020,2390.050049,2414.399902,2226,2242.100098,2230.362061,7698355
3/27/2020,2955,3040,2500,2542.300049,2528.990479,7170609
3/26/2020,2637.300049,2936.5,2565.050049,2793.699951,2779.073975,5096124
3/25/2020,2450,2700,2400,2585.600098,2572.063721,6226355
3/24/2020,2472,2568.649902,2104.649902,2474.199951,2461.246826,6257221
3/23/2020,2656.75,2700,2225,2266.149902,2254.285889,4844235
3/20/2020,2799.850098,3044,2621.649902,2951.899902,2936.445801,6110189
3/19/2020,2800,3053.050049,2484.699951,2746.100098,2731.723389,8324713
3/18/2020,3490,3530,3018.899902,3061.350098,3045.322998,5443580
3/17/2020,3702.100098,3734.699951,3402,3444.850098,3426.815186,2558548
3/16/2020,3833.449951,3833.449951,3600,3672.25,3653.024658,3140467
3/13/2020,3440,4043.5,3281.050049,3952.550049,3931.857422,4849917
3/12/2020,3860,3869.949951,3628.100098,3734.350098,3714.799561,5272619
3/11/2020,4014,4118.899902,3985,4030.649902,4009.548096,2793683
3/9/2020,4070,4127.5,3945.149902,4026.800049,4005.718506,3545627
3/6/2020,4125,4238,4036.5,4225.850098,4203.726563,3312238
3/5/2020,4310,4367.549805,4273.149902,4330.700195,4308.027344,1833295
3/4/2020,4466,4496.799805,4225,4286.399902,4263.958984,2472991
3/3/2020,4400,4474.950195,4320.049805,4454.100098,4430.78125,2023503
3/2/2020,4600,4617.950195,4305.649902,4360.75,4327.972168,2238216
2/28/2020,4640,4640,4311.75,4465.850098,4432.282715,4941410
2/27/2020,4815,4815,4712.100098,4759.799805,4724.022949,1174870
2/26/2020,4815,4837.75,4767.25,4810,4773.845703,851346
2/25/2020,4849.899902,4849.899902,4784,4825.950195,4789.67627,959309
2/24/2020,4840,4876,4751.200195,4803.950195,4767.841797,1263389
2/20/2020,4867.899902,4923.399902,4853.75,4880.450195,4843.766602,1634643
2/19/2020,4785,4887,4780.100098,4878.049805,4841.384277,1172049
2/18/2020,4769.399902,4771.950195,4701.600098,4758,4722.236328,728611
2/17/2020,4781.75,4798,4750.049805,4776.649902,4740.746094,716484
2/14/2020,4800,4815,4768,4781.75,4745.808105,731118
2/13/2020,4766,4800.600098,4735,4795.350098,4759.306152,681039
2/12/2020,4770,4782.200195,4722,4768.700195,4732.856445,882964
2/11/2020,4737,4785,4736,4749.350098,4713.651855,1167429
2/10/2020,4660,4734,4640,4721.75,4686.259277,1160879
2/7/2020,4663.950195,4686.899902,4626.100098,4654.299805,4619.31543,950326
2/6/2020,4528.200195,4677.850098,4525,4666.350098,4631.275879,1846477
2/5/2020,4515,4539.950195,4477.649902,4528.200195,4494.164063,1285631
2/4/2020,4387.950195,4550,4377.149902,4519.25,4485.28125,1958323
2/3/2020,4250.200195,4376.899902,4250.200195,4359.350098,4326.583496,1094181
1/31/2020,4370,4420.100098,4333.799805,4365.899902,4333.083984,1736927
1/30/2020,4464,4485,4344.850098,4364.299805,4331.495605,3577774
1/29/2020,4244.899902,4444,4215.100098,4419,4385.784668,4581413
1/28/2020,4150.149902,4249,4150.149902,4213,4181.333008,1052764
1/27/2020,4174,4208,4154,4164.350098,4133.048828,782155
1/24/2020,4120,4205.649902,4111,4194.5,4162.972656,864892
1/23/2020,4123,4163.850098,4085,4125.799805,4094.788574,1154522
1/22/2020,4186,4186.5,4123.350098,4142.200195,4111.06543,797901
1/21/2020,4149.950195,4186.100098,4117.049805,4138.600098,4107.492188,897922
1/20/2020,4229,4252.950195,4125.149902,4152.600098,4121.387207,848639
1/17/2020,4217,4242,4202,4231.75,4199.941895,671129
1/16/2020,4190,4229.950195,4188,4220.25,4188.528809,578728
1/15/2020,4189.950195,4220,4170.049805,4207.25,4175.626465,616976
1/14/2020,4170,4202.399902,4150.450195,4193,4161.483398,703434
1/13/2020,4168,4182.25,4146,4164.5,4133.197754,645152
1/10/2020,4130.100098,4185.899902,4118,4144.850098,4113.695801,1106624
1/9/2020,4105.899902,4148,4080,4124.200195,4093.200928,1419388
1/8/2020,3950,4060.350098,3950,4049.949951,4019.508789,1630576
1/7/2020,4055,4092,3996.199951,4007.649902,3977.526367,2149042
1/6/2020,4164,4204,3983.800049,3996.699951,3966.658936,2866735
1/3/2020,4220,4234.799805,4173,4193.450195,4161.930176,1176850
1/2/2020,4240,4295.75,4235,4246.049805,4214.134277,863844
1/1/2020,4237.799805,4252,4221,4231.299805,4199.495605,407042
12/31/2019,4247,4266.399902,4218.600098,4234.75,4202.919434,779608
12/30/2019,4274.850098,4281.549805,4230,4243.299805,4211.405273,831910
12/27/2019,4198,4260,4192,4252.649902,4220.685547,1126648
12/26/2019,4149.950195,4196.450195,4133.25,4187.100098,4155.62793,1265020
12/24/2019,4158,4180.700195,4125.649902,4139.5,4108.385254,751979
12/23/2019,4138.600098,4184,4130,4160,4128.731445,1137879
12/20/2019,4107,4145,4081,4135.600098,4104.515137,1054234
12/19/2019,4113.049805,4145,4085.300049,4091.850098,4061.09375,736104
12/18/2019,4140.450195,4158.850098,4101.049805,4119.350098,4088.387207,1109775
12/17/2019,4056.949951,4155,4046.949951,4135.75,4104.663574,1379484
12/16/2019,4087.949951,4087.949951,4031.550049,4039.449951,4009.087646,826069
12/13/2019,4070,4089.25,4041.100098,4071.949951,4041.343262,861656
12/12/2019,4050,4065,4010.050049,4057.149902,4026.654541,1087056
12/11/2019,4001.5,4055,3984.050049,4036.800049,4006.45752,1365981
12/10/2019,3950,3995,3945.5,3986.850098,3956.883057,1159480
12/9/2019,3969.600098,3971.449951,3880.25,3944.850098,3915.19873,1268942
12/6/2019,4010,4027.800049,3927.399902,3951.649902,3921.94751,1171355
12/5/2019,3990.850098,4034,3968,3990.850098,3960.853271,1255304
12/4/2019,3958,4004.100098,3935,3990.850098,3960.853271,1430830
12/3/2019,3939.949951,3995,3886.5,3964.550049,3934.750732,1984382
12/2/2019,4075,4077.350098,3920.100098,3950.449951,3920.756348,2065404
11/29/2019,4095,4135,4062.350098,4074.199951,4043.576416,831983
11/28/2019,4120,4139.049805,4065,4102.049805,4071.216797,969708
11/27/2019,4121,4124.899902,4095,4118.350098,4087.394775,485064
11/26/2019,4145,4173.950195,4087,4098.350098,4067.545166,1502727
11/25/2019,4100,4149.149902,4062.300049,4141.700195,4110.569336,1389304
11/22/2019,4130,4143.799805,4041,4078.300049,4047.645508,1222615
11/21/2019,4140,4160,4112,4123.649902,4092.654785,702853
11/20/2019,4140,4182,4127.399902,4138.549805,4107.442383,813879
11/19/2019,4165,4182.149902,4126.25,4135.75,4104.663574,829535
11/18/2019,4199,4209.549805,4145.149902,4154.899902,4123.669922,927364
11/15/2019,4220.200195,4247.25,4175.549805,4187.600098,4156.124023,1193171
11/14/2019,4158,4221,4120.399902,4210.549805,4178.901855,1383629
11/13/2019,4166.899902,4175,4132,4144.549805,4113.397461,899015
11/11/2019,4160,4188,4142.899902,4169.049805,4137.712891,769302
11/8/2019,4220,4240,4148,4159.450195,4128.186035,1509693
11/7/2019,4204.700195,4239.200195,4188.200195,4225.850098,4194.086914,1141603
11/6/2019,4260,4280,4176.649902,4188.149902,4156.669922,2076695
11/5/2019,4172,4255,4135,4227.799805,4196.021973,2934652
11/4/2019,4087,4177.5,4076.149902,4113,4082.084961,1863158
11/1/2019,4029,4110,4021,4069.850098,4039.259277,1875612
10/31/2019,4004.199951,4050,3995,4027.550049,3997.2771,1251220
10/30/2019,4074.949951,4074.949951,3985,3992,3961.994141,1338554
10/29/2019,3990,4060,3962.449951,4047.25,4016.828857,1335515
10/27/2019,4015,4015,3955,3978.899902,3948.992676,214691
10/25/2019,4037.800049,4063.850098,3900,3987.25,3957.279785,1758098
10/24/2019,4062,4080,4012.550049,4026.149902,3995.887451,1267557
10/23/2019,4089.949951,4110,3968,4038.350098,4007.99585,2442249
10/22/2019,4165,4219.850098,4000.100098,4034.149902,4003.827393,5034755
10/18/2019,4100,4199,4080,4137.649902,4106.549316,1836213
10/17/2019,4020.050049,4117.200195,4001,4106.799805,4075.931152,2103593
10/16/2019,3910,4032,3900,4016.399902,3986.210938,2381769
10/15/2019,3895,3916,3843,3879.449951,3850.290283,1394894
10/14/2019,3988,4006.300049,3853.050049,3883.300049,3854.111328,1768352
10/11/2019,3979,4015,3925,3973.199951,3943.335449,1623866
10/10/2019,4013.649902,4015,3931,3948.899902,3919.218018,1102788
10/9/2019,3915,4035,3880.050049,4023.899902,3993.654541,1356600
10/7/2019,3880,3958.25,3819.449951,3900.899902,3871.579102,1406152
10/4/2019,3979,4004,3892.300049,3903.949951,3874.606201,1478266
10/3/2019,3985,4004.949951,3931.850098,3959.800049,3930.036377,1245840
10/1/2019,4080,4089.100098,3946.300049,3992.399902,3962.391357,1615506
9/30/2019,4065.899902,4111.75,4031,4046.050049,4015.637939,2256361
9/27/2019,4006,4085,3990,4057.399902,4026.902832,2024478
9/26/2019,3955,4015,3945.100098,4000.800049,3970.728027,2388165
9/25/2019,3960,3998.899902,3890,3930.899902,3901.353516,2414729
9/24/2019,4025,4025,3927,3961.75,3931.97168,2189604
9/23/2019,3820,4070,3763.899902,4023.75,3993.505859,4011002
9/20/2019,3385.300049,3750,3282.649902,3702.199951,3674.372559,5648086
9/19/2019,3426,3426.399902,3340.300049,3362.050049,3336.779297,1237692
9/18/2019,3407,3464.5,3388.5,3413.850098,3388.189941,1853668
9/17/2019,3424.949951,3434,3354,3368.399902,3343.081543,1361872
9/16/2019,3395,3449.949951,3382.300049,3418.850098,3393.152344,1179767
9/13/2019,3389,3436,3372.5,3427.350098,3401.588623,1328363
9/12/2019,3402.5,3429,3370.600098,3382.350098,3356.926758,1164086
9/11/2019,3445.350098,3456,3385.300049,3416.399902,3390.720459,1301112
9/9/2019,3374,3450,3352.149902,3437.350098,3411.513672,1802551
9/6/2019,3330,3388,3298,3373,3347.646973,1700894
9/5/2019,3286,3305,3242.800049,3292.699951,3267.950439,1501226
9/4/2019,3267,3274.350098,3208,3250.25,3225.81958,1879349
9/3/2019,3303,3315,3234.199951,3258.5,3234.007324,1199726
8/30/2019,3310.149902,3347,3260,3332.5,3307.451172,2118953
8/29/2019,3323.699951,3330,3276,3299.300049,3274.500732,1529926
8/28/2019,3348.800049,3362.649902,3296.75,3326.350098,3301.347656,1250915
8/27/2019,3352,3398,3340.100098,3357.75,3332.511475,2225937
8/26/2019,3274,3338.800049,3183.050049,3324.25,3299.263428,2950017
8/23/2019,3118,3200,2998,3174.350098,3150.490234,3143787
8/22/2019,3259,3259,3098.449951,3114.100098,3090.693115,2506194
8/21/2019,3289.899902,3321.949951,3246.199951,3261.449951,3236.935303,1552801
8/20/2019,3327,3334.399902,3235.25,3294.100098,3269.340088,1688717
8/19/2019,3364.899902,3379,3311,3328.050049,3303.034912,1432842
8/16/2019,3280.600098,3358.899902,3253.350098,3337.199951,3312.115723,1758154
8/14/2019,3269.949951,3329.899902,3245,3289.949951,3265.221191,2770237
8/13/2019,3419.699951,3424,3208.050049,3221.850098,3197.633301,1900694
8/9/2019,3359.949951,3449.600098,3340,3419.699951,3393.99585,2101757
8/8/2019,3290,3360,3261,3334.699951,3309.634766,1587742
8/7/2019,3275,3325,3252.300049,3265.800049,3241.252686,2398910
8/6/2019,3160.050049,3287,3153.149902,3272.25,3247.654053,2005139
8/5/2019,3199.800049,3199.800049,3143,3160.050049,3136.297607,2013371
8/2/2019,3189,3287.550049,3120,3237.899902,3213.5625,3356019
8/1/2019,3231,3261,3174,3222.100098,3197.881348,1892516
7/31/2019,3233.050049,3267.649902,3160.100098,3252.050049,3227.606201,2438130
7/30/2019,3260,3299,3231.300049,3249.949951,3225.521973,2284905
7/29/2019,3272.75,3300,3180,3252.649902,3228.201416,3478473
7/26/2019,3046.5,3278,2994,3264.600098,3240.061768,6945080
7/25/2019,3198.899902,3243.399902,2996.199951,3046.5,3023.601074,10290577
7/24/2019,3274.100098,3294,3135,3173.550049,3149.696045,2767989
7/23/2019,3257,3297.350098,3208.149902,3276.899902,3252.269287,2223691
7/22/2019,3316,3316,3164.649902,3246.600098,3222.197266,3692023
7/19/2019,3476,3501.25,3263.100098,3323.100098,3298.12207,3033909
7/18/2019,3460,3520,3444,3467.649902,3441.585449,1320464
7/17/2019,3440,3481.75,3440,3463.300049,3437.268311,915547
7/16/2019,3433.399902,3464.899902,3406.050049,3448.699951,3422.777832,1685856
7/15/2019,3398.5,3440,3353.600098,3412.100098,3386.453125,1618073
7/12/2019,3470,3470,3366,3377.5,3352.113281,2696678
7/11/2019,3460,3525.649902,3366.550049,3451.050049,3425.110352,2712241
7/10/2019,3599.949951,3599.949951,3412,3429.050049,3397.321045,2909584
7/9/2019,3410,3625,3336.399902,3603.100098,3569.760498,5196125
7/8/2019,3724.949951,3724.949951,3375,3413.300049,3381.716797,3857132
7/5/2019,3734,3762,3706.449951,3719.149902,3684.736328,776280
7/4/2019,3730,3749.899902,3705.149902,3732.5,3697.963135,743616
7/3/2019,3714,3730.300049,3695,3715.399902,3681.02124,605040
7/2/2019,3699,3720,3670.050049,3711.100098,3676.760986,706478
7/1/2019,3688.699951,3716,3685,3699,3664.772705,913884
6/28/2019,3652.449951,3693.25,3629.699951,3681.100098,3647.038818,1200036
6/27/2019,3635,3659,3620.100098,3642.199951,3608.498291,1135142
6/26/2019,3569.850098,3635,3563,3627.949951,3594.380371,978806
6/25/2019,3545.350098,3586,3530.350098,3579.850098,3546.725586,827869
6/24/2019,3562,3579.899902,3533.050049,3545.350098,3512.544678,543703
6/21/2019,3597.100098,3599,3550,3565.850098,3532.85498,1058266
6/20/2019,3519,3589,3507.399902,3582.550049,3549.400635,1107005
6/19/2019,3539,3548,3500.100098,3525.5,3492.878418,873941
6/18/2019,3474,3530,3469.050049,3509.300049,3476.828125,1083527
6/17/2019,3529,3529.800049,3456,3466.5,3434.424316,953460
6/14/2019,3553.949951,3569.800049,3501,3518.399902,3485.843994,864641
6/13/2019,3505,3551,3500,3544.5,3511.702393,880318
6/12/2019,3539.949951,3539.949951,3482,3505.850098,3473.4104,1214470
6/11/2019,3537,3564,3511.25,3551.850098,3518.984375,903155
6/10/2019,3546.949951,3557.75,3506,3519.600098,3487.032959,983274
6/7/2019,3453.149902,3519,3419.949951,3509.449951,3476.976807,1285044
6/6/2019,3533,3533,3445.449951,3452.949951,3420.999756,1314916
6/4/2019,3514.5,3550,3509.550049,3531.149902,3498.476074,1051400
6/3/2019,3460,3529.899902,3460,3511.050049,3478.562012,1241133
5/31/2019,3497.449951,3531,3448.699951,3467.100098,3435.018555,2172866
5/30/2019,3408.899902,3489.699951,3400.050049,3481.649902,3449.434082,1175111
5/29/2019,3403,3433,3384.5,3409.25,3377.704102,921278
5/28/2019,3468,3468.149902,3386.75,3409.800049,3378.248779,1627768
5/27/2019,3480,3484.949951,3440,3449,3417.086182,932000
5/24/2019,3400,3475,3391.300049,3467.899902,3435.811523,1568523
5/23/2019,3495,3518,3355.649902,3377.75,3346.495605,2406205
5/22/2019,3442,3459.550049,3398.050049,3448.899902,3416.987061,1566812
5/21/2019,3418.050049,3488,3375,3433.300049,3401.531738,2884997
5/20/2019,3390,3444.550049,3343,3407.550049,3376.019775,2724859
5/17/2019,3137,3316,3122.050049,3301.100098,3270.554932,5848716
5/16/2019,3014,3129,3010.25,3110.050049,3081.272461,3644672
5/15/2019,2921,3023.25,2870.800049,3002.75,2974.965332,2453670
5/14/2019,2927.949951,2941.949951,2848.100098,2881.850098,2855.184326,1861760
5/13/2019,2929.899902,2957.949951,2906,2931.850098,2904.721436,1356229
5/10/2019,2970.100098,2996,2900,2922.850098,2895.804688,1630089
5/9/2019,2900,2991.800049,2885,2971.350098,2943.855713,1745234
5/8/2019,3012,3017,2900,2921.300049,2894.269043,1155023
5/7/2019,3052.899902,3069.800049,3007.600098,3017.050049,2989.133057,970264
5/6/2019,3066,3094,3026,3034.300049,3006.223389,966487
5/3/2019,3130.100098,3165,3102.300049,3111.850098,3083.055908,730728
5/2/2019,3095,3148.949951,3060,3131.75,3102.771729,895830
4/30/2019,3092,3120,3040,3095.949951,3067.302734,900968
4/26/2019,3089,3105,3045,3096.850098,3068.194824,613807
4/25/2019,3099.800049,3114.399902,3072.649902,3081,3052.491211,1240564
4/24/2019,3035,3099,3032,3093.050049,3064.429688,990580
4/23/2019,2992,3058.5,2987.050049,3035.050049,3006.966553,991968
4/22/2019,3010,3010,2975,2991.25,2963.571777,662157
4/18/2019,3038.699951,3046,2995,3014.449951,2986.556885,658826
4/16/2019,3018,3057.300049,3018,3032.5,3004.439941,1021478
4/15/2019,3028.600098,3033,3001.949951,3022.25,2994.284912,651634
4/12/2019,3052,3062,3001.300049,3008.800049,2980.959229,1048138
4/11/2019,3008,3055,2992,3047.850098,3019.647949,1016712
4/10/2019,3011.100098,3037,2986,2998.350098,2970.606201,994899
4/9/2019,3016.550049,3049.100098,2979.449951,3008.699951,2980.860352,1733324
4/8/2019,3123,3130,3018,3024.100098,2996.11792,1642189
4/5/2019,3048,3125,3046.100098,3114.199951,3085.384033,1244408
4/4/2019,3060,3065,3017.449951,3039.449951,3011.325684,772776
4/3/2019,3073,3089,3038.149902,3046,3017.815186,1052752
4/2/2019,3024.800049,3077,2998.350098,3055.199951,3026.929932,1136238
4/1/2019,3030.199951,3046.399902,2991,3001.449951,2973.677246,1109000
3/28/2019,2940.100098,3000,2940.050049,2995.850098,2968.129395,1366945
3/27/2019,2950,3014.149902,2932.5,2945.25,2917.997314,2419656
3/26/2019,2860,2942,2859,2934.350098,2907.198242,1570637
3/25/2019,2804,2862,2801,2849.800049,2823.430664,1066757
3/22/2019,2868,2895.5,2816,2836.649902,2810.4021,1250876
3/20/2019,2924.800049,2934.550049,2857.800049,2868.600098,2842.056885,1406862
3/19/2019,2930,2962.899902,2910.050049,2920.899902,2893.872803,1480565
3/18/2019,2872,2941.100098,2845,2929.550049,2902.442627,1819986
3/15/2019,2818.800049,2899,2815,2860.75,2834.279297,2091562
3/14/2019,2832,2835,2787.100098,2808.100098,2782.116455,896055
3/13/2019,2760,2837.949951,2748.850098,2828.149902,2801.980957,1549296
3/12/2019,2808.800049,2816.649902,2745.5,2753.050049,2727.575684,1385335
3/11/2019,2769,2807.949951,2769,2791.050049,2765.224365,1169075
3/8/2019,2724.899902,2779,2716.600098,2768.300049,2742.684814,1178087
3/7/2019,2774.949951,2782.300049,2725,2734.800049,2709.494629,859851
3/6/2019,2715,2774.199951,2700,2766.699951,2741.099365,1543424
3/5/2019,2655,2708.350098,2644.600098,2695.149902,2670.211426,847307
3/1/2019,2663.300049,2674.300049,2640,2660.75,2636.129883,707094
2/28/2019,2666.600098,2667,2630,2649,2624.48877,1136843
2/27/2019,2670,2696.649902,2625,2642,2617.553467,1147839
2/26/2019,2637.300049,2678,2600,2657.75,2633.157715,1618996
2/25/2019,2639,2675,2613.75,2657.75,2633.157715,1024040
2/22/2019,2652.550049,2674,2632.399902,2640.399902,2615.968018,825672
2/21/2019,2610,2660,2593.050049,2654.699951,2630.135986,1139823
2/20/2019,2585,2614.800049,2571,2606.149902,2582.035156,1038127
2/19/2019,2551,2606.949951,2545,2559.800049,2536.114014,1148339
2/18/2019,2548.050049,2561,2512.449951,2549.449951,2525.859619,1154520
2/15/2019,2610,2610,2506,2561.100098,2537.4021,1640696
2/14/2019,2579.949951,2622,2556.899902,2609.199951,2585.056885,1214126
2/12/2019,2668,2677.149902,2616.300049,2621.800049,2597.540527,1200370
2/11/2019,2724.699951,2724.699951,2635,2657.199951,2632.612793,1194702
2/8/2019,2670,2737.449951,2670,2707.149902,2682.100586,1510785
2/7/2019,2725,2731,2684.100098,2696.600098,2671.648193,1760580
2/6/2019,2619,2720,2612.100098,2711.25,2686.162354,1798461
2/5/2019,2600,2642.100098,2593.949951,2603.600098,2579.508789,1010817
2/4/2019,2610,2623.550049,2572.199951,2594.449951,2570.443359,942113
2/1/2019,2575,2687.899902,2575,2628.399902,2604.079102,2117768
1/31/2019,2608,2608,2526,2574.850098,2551.024902,2083418
1/30/2019,2580,2623.699951,2546,2595.5,2571.483643,3879707
1/29/2019,2468,2570.100098,2371.649902,2515.550049,2492.273438,6118833
1/28/2019,2610,2610,2355,2458.5,2435.751465,2364047
1/25/2019,2649,2661,2585,2599.550049,2575.496338,916927
1/24/2019,2639,2653.5,2603.100098,2635.649902,2611.261963,753856
1/23/2019,2619,2653,2611,2634.350098,2609.974365,992504
1/22/2019,2585,2635,2575,2621.899902,2597.63916,1474713
1/21/2019,2548,2606,2526.600098,2594.199951,2570.195557,1332159
1/18/2019,2545,2555,2525.100098,2542.899902,2519.370117,753775
1/17/2019,2574,2586.550049,2527.050049,2535.899902,2512.434814,994183
1/16/2019,2598.399902,2612.149902,2562.800049,2569.850098,2546.071289,952597
1/15/2019,2551,2613,2551,2604.199951,2580.103027,1466303
1/14/2019,2515.949951,2552.899902,2484.149902,2544.800049,2521.252686,1021504
1/11/2019,2516,2530,2488,2514.199951,2490.936035,818218
1/10/2019,2526,2542.449951,2504.699951,2514.649902,2491.38208,910839
1/9/2019,2546,2559.800049,2510,2524.350098,2500.992188,1093992
1/8/2019,2560,2582,2525.050049,2537.050049,2513.574707,1233379
1/7/2019,2601,2605,2545.350098,2553.600098,2529.971191,1024328
1/4/2019,2601,2611.899902,2563.649902,2576.050049,2552.213623,1051021
1/3/2019,2612,2648,2575.300049,2586.199951,2562.269775,1282478
1/2/2019,2635.100098,2662,2601.899902,2614.050049,2589.862061,1304915
1/1/2019,2645,2664,2612.100098,2656.850098,2632.265869,917872
12/31/2018,2656.949951,2666.300049,2635.600098,2645.149902,2620.674072,1453327
12/28/2018,2603,2643.800049,2585.949951,2634.800049,2610.419922,1901581
12/27/2018,2598.850098,2626.75,2570,2587.149902,2563.210938,1626301
12/26/2018,2560,2582.949951,2503.699951,2567.399902,2543.643555,1662068
12/24/2018,2594,2604.850098,2553,2564.899902,2541.166748,1050017
12/21/2018,2615,2623.899902,2532.699951,2591.25,2567.272949,3042464
12/20/2018,2560,2609.899902,2531.600098,2591.399902,2567.421387,1467028
12/19/2018,2550.800049,2629.100098,2550.149902,2596.899902,2572.870361,2946314
12/18/2018,2469.699951,2538.199951,2446.600098,2532.199951,2508.769287,1653107
12/17/2018,2498.600098,2509.899902,2466.25,2474.399902,2451.50415,1019602
12/14/2018,2488.25,2512,2464.25,2486.350098,2463.343506,1204379
12/13/2018,2510.199951,2528.949951,2475,2489.100098,2466.068359,1713161
12/12/2018,2445,2514.899902,2434.350098,2493.949951,2470.873291,1683197
12/11/2018,2360,2446.5,2332.100098,2426.75,2404.295166,2189278
12/10/2018,2410.449951,2443.899902,2382.350098,2395.550049,2373.383789,1399894
12/7/2018,2443,2497.75,2414.649902,2486.350098,2463.343506,1478720
12/6/2018,2481,2494,2418,2432.399902,2409.892822,1317472
12/5/2018,2539.899902,2539.899902,2470.300049,2494.100098,2471.021973,1327031
12/4/2018,2509,2549,2495,2543.550049,2520.014404,1329587
12/3/2018,2548,2555.550049,2490.75,2508.649902,2485.437256,1115592
11/30/2018,2538,2564.399902,2507.050049,2537.699951,2514.218262,2737341
11/29/2018,2435,2517.600098,2416.850098,2506.5,2483.307129,2861284
11/28/2018,2445.949951,2449,2396.25,2412.550049,2390.226563,1396260
11/27/2018,2395,2439.899902,2375,2435.449951,2412.914551,1594955
11/26/2018,2400,2411.899902,2346.949951,2394.600098,2372.442627,1391434
11/22/2018,2432,2454.800049,2360,2381.5,2359.463867,1604279
11/21/2018,2389,2435,2361.699951,2430.550049,2408.059814,1514725
11/20/2018,2365,2392.949951,2345.75,2380.100098,2358.076904,1237702
11/19/2018,2420,2422.300049,2350.300049,2360.949951,2339.10376,1357795
11/16/2018,2342,2417.199951,2340,2402.100098,2379.873291,1918873
11/15/2018,2287,2348,2285.100098,2341.300049,2319.635742,1577115
11/14/2018,2299,2315,2265,2293.949951,2272.723877,1456146
11/13/2018,2270,2308.350098,2233.100098,2285,2263.856445,2297710
11/12/2018,2375.350098,2385,2270,2277.600098,2256.525146,1479678
11/9/2018,2349.649902,2383.850098,2338.25,2375.350098,2353.37085,1327846
11/7/2018,2360,2364.5,2343.699951,2348.399902,2326.669922,171467
11/6/2018,2370,2389.899902,2332.350098,2339.75,2318.100098,1368682
11/5/2018,2390,2409,2332.699951,2359.399902,2337.568115,1625999
11/2/2018,2443,2474.899902,2365,2383.300049,2361.247314,2367117
11/1/2018,2391.449951,2435,2372.449951,2418.100098,2395.725098,2552134
10/31/2018,2367.800049,2392,2306.899902,2382.550049,2360.50415,2808812
10/30/2018,2395,2423.899902,2350.350098,2356.350098,2334.546631,2202230
10/29/2018,2338.899902,2392,2315,2380.449951,2358.423584,2201145
10/26/2018,2329.949951,2376.800049,2278.5,2338.899902,2317.258057,3795831
10/25/2018,2285,2348,2256.800049,2335,2313.394043,5201159
10/24/2018,2175,2339,2160,2311.800049,2290.408936,10357295
10/23/2018,2095,2155.350098,1997.550049,2083.350098,2064.072998,9064775
10/22/2018,2188,2218.949951,2091,2115.350098,2095.776611,3681946
10/19/2018,2150,2198,2053.949951,2140.5,2120.693848,4286790
10/17/2018,2340,2369.25,2132.850098,2150.5,2130.601074,3811985
10/16/2018,2325,2362,2285.25,2308.850098,2287.48584,2528484
10/15/2018,2319.75,2319.75,2261.100098,2306.199951,2284.860352,2435413
10/12/2018,2227.25,2320,2227.25,2287.350098,2266.185303,3665577
10/11/2018,2100,2230,2060,2162.100098,2142.09375,5467086
10/10/2018,2100,2305.699951,2100,2270.949951,2249.936768,7235957
10/9/2018,1975,2115.850098,1947.650024,2060.850098,2041.781006,4859016
10/8/2018,1992,2090,1912.199951,1974.849976,1956.576538,5966669
10/5/2018,2160,2214.600098,1963.25,2023.300049,2004.578369,3470441
10/4/2018,2169,2212,2118.550049,2179.149902,2158.986084,4002718
10/3/2018,2200,2329.949951,2166.050049,2232.199951,2211.54541,5567701
10/1/2018,2168,2233.350098,2052.199951,2208.5,2188.064697,4821772
9/28/2018,2232,2248,2117,2168,2147.939453,3831096
9/27/2018,2323.399902,2323.399902,2192.149902,2204.199951,2183.804443,2796294
9/26/2018,2329,2353.949951,2295.100098,2315.550049,2294.124023,2728756
9/25/2018,2235,2330.350098,2180.600098,2299.199951,2277.925293,5537396
9/24/2018,2422.149902,2422.449951,2168.600098,2260.800049,2239.880859,7798172
9/21/2018,2530,2557,2124.649902,2379.399902,2357.383057,5750880
9/19/2018,2585,2597.699951,2486.5,2499.550049,2476.421631,1894557
9/18/2018,2610,2627.449951,2559,2570.399902,2546.615723,1449290
9/17/2018,2660,2660,2588.25,2604.600098,2580.499512,1455320
9/14/2018,2630.5,2683.5,2626.25,2672.199951,2647.473633,1795131
9/12/2018,2617.949951,2636.949951,2516.100098,2594,2569.997559,2682340
9/11/2018,2621,2668.800049,2562.25,2600.75,2576.684814,3357660
9/10/2018,2732,2738,2596,2615.649902,2591.447266,1570179
9/7/2018,2698.399902,2751.399902,2672.600098,2744.199951,2718.807373,1264436
9/6/2018,2729,2731.5,2671.399902,2684.100098,2659.263916,1147879
9/5/2018,2740.149902,2764.800049,2668,2716.899902,2691.76001,1728455
9/4/2018,2724,2777.649902,2683.5,2746.300049,2720.888428,2606992
9/3/2018,2880,2880,2715.300049,2724.050049,2698.843994,2516840
8/31/2018,2935,2954.850098,2841.100098,2856.600098,2830.167725,1357206
8/30/2018,2993.899902,2993.899902,2920.949951,2926.75,2899.668701,1452996
8/29/2018,2930,2994,2930,2985.5,2957.875,1402583
8/28/2018,2982,2982,2925.800049,2932.600098,2905.4646,1233742
8/27/2018,2939.399902,2959,2925.050049,2950.75,2923.446533,976004
8/24/2018,2892,2943.399902,2891.050049,2916.600098,2889.612793,1327710
8/23/2018,2889,2909,2871.300049,2893.850098,2867.072998,1675920
8/21/2018,2840.850098,2883,2824.800049,2871.800049,2845.227295,951549
8/20/2018,2877.949951,2877.949951,2836.300049,2839.75,2813.473633,665480
8/17/2018,2866,2885,2841.5,2851.199951,2824.817627,688133
8/16/2018,2832,2908,2822.050049,2856.600098,2830.167725,2229727
8/14/2018,2763.300049,2837.5,2763.300049,2830.199951,2804.011719,1051658
8/13/2018,2807.949951,2807.949951,2754.199951,2760.399902,2734.857666,809365
8/10/2018,2816,2837.399902,2791.25,2808.449951,2782.463135,877508
8/9/2018,2824,2846.050049,2800,2830.149902,2803.962158,1147083
8/8/2018,2755.199951,2819.649902,2752,2813.149902,2787.119629,2113934
8/7/2018,2705,2754.5,2682,2747.350098,2721.928955,1166483
8/6/2018,2693.899902,2707.949951,2666.449951,2696.25,2671.301514,622905
8/3/2018,2700,2709,2660.25,2681.300049,2656.489746,741852
8/2/2018,2714.300049,2726.25,2680,2683.850098,2659.016113,781173
8/1/2018,2715,2771.649902,2702.699951,2722.800049,2697.605957,1584541
7/31/2018,2672,2708.899902,2668.050049,2697.899902,2672.936035,711174
7/30/2018,2715.550049,2722.600098,2666,2678,2653.220215,822162
7/27/2018,2685,2724.5,2667.050049,2713.699951,2688.589844,958703
7/26/2018,2695,2728.399902,2654.800049,2681.649902,2656.836426,2185905
7/25/2018,2727,2778.300049,2692,2705.050049,2680.02002,1884105
7/24/2018,2749,2758,2687.25,2713.350098,2688.243408,2778837
7/23/2018,2720,2797,2717,2755.800049,2730.300537,3551888
7/20/2018,2521,2745,2486.850098,2721.350098,2696.169189,7361274
7/19/2018,2503.899902,2537,2357.5,2520.199951,2496.880371,4889817
7/18/2018,2478.199951,2523.050049,2471.350098,2488.75,2465.721436,1405478
7/17/2018,2475,2492.25,2435.600098,2469.149902,2446.302734,944686
7/16/2018,2475,2499.399902,2460,2472.300049,2449.423584,1172644
7/13/2018,2433.850098,2475,2422.199951,2468.600098,2445.758057,1390485
7/12/2018,2375,2429,2360.350098,2415,2392.653809,1396150
7/11/2018,2365.899902,2382,2345,2355.600098,2333.803467,594805
7/10/2018,2360,2382,2350,2366.350098,2344.453857,784134
7/9/2018,2359,2363.199951,2337,2348.050049,2326.323486,551695
7/6/2018,2338.800049,2355,2324,2345.699951,2323.994873,690617
7/5/2018,2339,2349,2322.399902,2330.149902,2308.588867,688785
7/4/2018,2333,2345,2306.550049,2331.399902,2305.864258,916379
7/3/2018,2305,2334,2285.75,2321.100098,2295.677246,810667
7/2/2018,2300,2314.699951,2281.100098,2299.550049,2274.363281,840376
6/29/2018,2282.100098,2320,2270.600098,2296.350098,2271.198486,1378421
6/28/2018,2337,2348,2253.800049,2274.699951,2249.785645,1713003
6/27/2018,2379.800049,2379.800049,2322.550049,2335.5,2309.919189,1069126
6/26/2018,2385,2419.149902,2344.550049,2367.350098,2341.420654,2337942
6/25/2018,2342,2399,2334,2390.600098,2364.41626,2393535
6/22/2018,2267,2342,2250.550049,2336.050049,2310.463623,1714224
6/21/2018,2277,2288,2250.100098,2257.449951,2232.724365,717023
6/20/2018,2274.949951,2302.100098,2261.149902,2267.800049,2242.960938,1127273
6/19/2018,2235,2281,2227.050049,2270.600098,2245.730469,1151582
6/18/2018,2272,2296,2234.199951,2243.149902,2218.580811,1126877
6/15/2018,2250,2291.550049,2231.100098,2283.600098,2258.587891,1637500
6/14/2018,2235,2252,2197,2243.25,2218.679688,1321341
6/13/2018,2270,2271.600098,2225.699951,2231.050049,2206.613281,1095372
6/12/2018,2255,2277,2236,2261.25,2236.48291,1655167
6/11/2018,2210,2258.5,2196.199951,2250.300049,2225.652588,2059581
6/8/2018,2164.899902,2219.949951,2147.050049,2186.850098,2162.897705,3039595
6/7/2018,2172,2197.199951,2160.149902,2169.449951,2145.688477,1489413
6/6/2018,2122,2172.899902,2107,2160.649902,2136.984619,1802977
6/5/2018,2065,2119.550049,2055,2100.600098,2077.592285,816879
6/4/2018,2090.199951,2098.75,2055.300049,2062.850098,2040.256104,513152
6/1/2018,2120,2120,2065.800049,2077.399902,2054.64624,604574
5/31/2018,2142.5,2145,2101,2109.899902,2086.790039,1323397
5/30/2018,2063.300049,2130,2056.25,2118.649902,2095.44458,1251508
5/29/2018,2105,2107,2065.050049,2077.100098,2054.349609,727259
5/28/2018,2125,2138,2086.25,2094.949951,2072.00415,806190
5/25/2018,2107,2151.899902,2103.5,2116,2092.82373,1342145
5/24/2018,2095.5,2109.800049,2068,2094.75,2071.806396,840932
5/23/2018,2148,2148,2066.199951,2078.399902,2055.635498,1443827
5/22/2018,2111,2177.899902,2110,2149.300049,2125.758789,1963373
5/21/2018,2125,2149,2080.550049,2105.449951,2082.38916,2376823
5/18/2018,2069.899902,2171.75,2065.649902,2149.649902,2126.104736,8316734
5/17/2018,1930,2087.800049,1906.099976,2066.5,2043.865723,5581203
5/16/2018,1892.5,1929,1872.900024,1919.949951,1898.921021,952836
5/15/2018,1865.25,1933.5,1854.5,1901.949951,1881.11792,1570302
5/14/2018,1863.099976,1883.949951,1842.949951,1864.5,1844.078247,642971
5/11/2018,1845,1880.75,1828.099976,1861.5,1841.111206,483249
5/10/2018,1852,1861.449951,1818,1837.400024,1817.275146,588792
5/9/2018,1875.099976,1875.099976,1845,1849.099976,1828.846924,645553
5/8/2018,1898.5,1898.5,1860,1868.400024,1847.935547,669757
5/7/2018,1865,1902,1856.050049,1895.449951,1874.689331,485519
5/4/2018,1880,1893.25,1851.650024,1857.400024,1837.056152,562177
5/3/2018,1905.050049,1906.75,1862.599976,1874.300049,1853.770996,471750
5/2/2018,1909,1936.75,1900,1905.099976,1884.233521,687083
4/30/2018,1924.900024,1924.900024,1894.800049,1907.699951,1886.805054,647210
4/27/2018,1912,1915.449951,1892.5,1901.150024,1880.326904,641591
4/26/2018,1909,1915,1876.599976,1892.099976,1871.376099,1098339
4/25/2018,1925.949951,1938.949951,1888.650024,1899.849976,1879.04126,677675
4/24/2018,1908,1933.25,1898.599976,1917.800049,1896.794556,784895
4/23/2018,1880,1919.75,1860.800049,1899.349976,1878.546509,762125
4/20/2018,1907.800049,1907.800049,1850.150024,1880.400024,1859.803955,1226196
4/19/2018,1935,1935.5,1908.150024,1913.300049,1892.343872,632589
4/18/2018,1946,1950.550049,1921.300049,1926.849976,1905.745361,462905
4/17/2018,1959.900024,1959.900024,1918,1935.050049,1913.855469,696203
4/16/2018,1913.949951,1950,1897.550049,1943.300049,1922.015381,772723
4/13/2018,1931,1948.849976,1907.599976,1914.349976,1893.382324,592886
4/12/2018,1923.75,1942.099976,1911.050049,1929.349976,1908.218018,535354
4/11/2018,1926,1955,1891.400024,1924.650024,1903.569458,1188976
4/10/2018,1950,1952.449951,1913.650024,1926.050049,1904.954102,1013811
4/9/2018,1942.599976,1967.75,1930.25,1944.25,1922.954956,1131792
4/6/2018,1919,1943.5,1908.849976,1937.599976,1916.377686,1612001
4/5/2018,1866,1922.099976,1866,1915.599976,1894.618652,1385959
4/4/2018,1840,1869.599976,1836.699951,1850.199951,1829.934937,1793441
4/3/2018,1820,1840,1801.599976,1834.25,1814.159668,1049457
4/2/2018,1769,1825,1769,1818.599976,1798.680908,633203
3/28/2018,1777,1793,1760.800049,1767.550049,1748.190308,986960
3/27/2018,1750,1798,1749.800049,1772.449951,1753.036621,1670239
3/26/2018,1698.900024,1748,1686,1741.599976,1722.524414,1288984
3/23/2018,1655,1695,1655,1685.300049,1666.841064,1088426
3/22/2018,1708,1720,1690.150024,1695.599976,1677.028198,1153716
3/21/2018,1674.5,1712,1665.5,1704.550049,1685.880249,1131098
3/20/2018,1627,1663.099976,1615.199951,1657.300049,1639.147705,1318758
3/19/2018,1698.900024,1698.900024,1627,1631.849976,1613.976563,848984
3/16/2018,1712,1724.650024,1681.050049,1687.900024,1669.412598,1017699
3/15/2018,1715.099976,1739.900024,1714,1726.25,1707.342529,739187
3/14/2018,1672,1720.900024,1668.25,1710.099976,1691.369263,848659
3/13/2018,1665.5,1698.849976,1663.599976,1680.699951,1662.291382,820802
3/12/2018,1663,1681.900024,1655.050049,1665.25,1647.01062,486187
3/9/2018,1635,1667.199951,1616.449951,1654.199951,1636.081665,839718
3/8/2018,1634.949951,1637.900024,1594.199951,1628.050049,1610.218262,663196
3/7/2018,1641,1648.650024,1606,1618.349976,1600.62439,644577
3/6/2018,1655,1671.849976,1627.599976,1637.75,1619.81189,944176
